-- phpMyAdmin SQL Dump
-- version 5.2.0
-- https://www.phpmyadmin.net/
--
-- Host: 127.0.0.1
-- Czas generowania: 30 Gru 2022, 01:55
-- Wersja serwera: 10.4.24-MariaDB
-- Wersja PHP: 8.1.6

SET SQL_MODE = "NO_AUTO_VALUE_ON_ZERO";
START TRANSACTION;
SET time_zone = "+00:00";


/*!40101 SET @OLD_CHARACTER_SET_CLIENT=@@CHARACTER_SET_CLIENT */;
/*!40101 SET @OLD_CHARACTER_SET_RESULTS=@@CHARACTER_SET_RESULTS */;
/*!40101 SET @OLD_COLLATION_CONNECTION=@@COLLATION_CONNECTION */;
/*!40101 SET NAMES utf8mb4 */;

--
-- Baza danych: `mymusic`
--

-- --------------------------------------------------------

--
-- Struktura tabeli dla tabeli `album`
--

CREATE TABLE `album` (
  `id` int(11) NOT NULL,
  `artist_id` int(3) NOT NULL,
  `album_order` int(2) NOT NULL,
  `title` varchar(75) COLLATE utf8mb4_polish_ci NOT NULL,
  `released` date NOT NULL,
  `label` varchar(75) COLLATE utf8mb4_polish_ci NOT NULL
) ENGINE=InnoDB DEFAULT CHARSET=utf8mb4 COLLATE=utf8mb4_polish_ci;

--
-- Zrzut danych tabeli `album`
--

INSERT INTO `album` (`id`, `artist_id`, `album_order`, `title`, `released`, `label`) VALUES
(1, 1, 1, 'Facelift', '1990-08-21', 'Columbia'),
(2, 1, 2, 'Dirt', '1992-09-29', 'Columbia'),
(3, 1, 3, 'Alice in Chains', '1995-11-07', 'Columbia'),
(4, 1, 4, 'Black Gives Way to Blue', '2009-09-29', 'Virgin/EMI'),
(5, 1, 5, 'The Devil Put Dinosaurs Here', '2013-05-28', 'Capitol'),
(6, 1, 6, 'Rainier Fog', '2018-08-24', 'BMG'),
(7, 2, 1, 'Sonic Brew', '1999-05-04', 'Spitfire'),
(8, 2, 2, 'Stronger Than Death', '2000-04-18', 'Spitfire'),
(9, 2, 3, '1919 Eternal', '2002-03-05', 'Spitfire'),
(10, 2, 4, 'The Blessed Hellride', '2003-04-22', 'Spitfire'),
(11, 2, 5, 'Hangover Music Vol. VI', '2004-04-20', 'Spitfire'),
(12, 2, 6, 'Mafia', '2005-03-08', 'Artemis'),
(13, 2, 7, 'Shot to Hell', '2006-09-12', 'Roadrunner'),
(14, 2, 8, 'Order of the Black', '2010-08-10', 'eOne'),
(15, 2, 9, 'Catacombs of the Black Vatican', '2014-04-08', 'eOne'),
(16, 2, 10, 'Grimmest Hits', '2018-01-19', 'eOne'),
(17, 2, 11, 'Doom Crew Inc.', '2021-11-26', 'eOne'),
(18, 3, 1, 'Black Sabbath', '1970-02-13', 'Vertigo, Warner Bros'),
(19, 3, 2, 'Paranoid', '1970-09-18', 'Vertigo, Warner Bros'),
(20, 3, 3, 'Master of Reality', '1971-07-21', 'Vertigo, Warner Bros'),
(21, 3, 4, 'Vol. 4', '1972-09-25', 'Vertigo, Warner Bros'),
(22, 3, 5, 'Sabbath Bloody Sabbath', '1973-11-12', 'WWA, Warner Bros'),
(23, 3, 6, 'Sabotage', '1975-07-28', 'NEMS, Warner Bros'),
(24, 3, 7, 'Technical Ecstasy', '1976-09-25', 'Vertigo, Warner Bros'),
(25, 3, 8, 'Never Say Die!', '1978-09-28', 'Vertigo, Warner Bros'),
(26, 3, 9, 'Heaven and Hell', '1980-04-18', 'Vertigo, Warner Bros'),
(27, 3, 10, 'Mob Rules', '1981-11-04', 'Vertigo, Warner Bros'),
(28, 3, 11, 'Born Again', '1983-09-12', 'Vertigo, Warner Bros'),
(29, 3, 12, 'Seventh Star', '1986-01-28', 'Vertigo, Warner Bros'),
(30, 3, 13, 'The Eternal Idol', '1987-11-16', 'Vertigo, Warner Bros'),
(31, 3, 14, 'Headless Cross', '1989-04-24', 'I.R.S.'),
(32, 3, 15, 'Tyr', '1990-08-20', 'I.R.S.'),
(33, 3, 16, 'Dehumanizer', '1992-06-22', 'I.R.S.'),
(34, 3, 17, 'Cross Purposes', '1994-01-26', 'I.R.S.'),
(35, 3, 18, 'Forbidden', '1995-06-05', 'I.R.S.'),
(36, 3, 19, '13', '2013-06-07', 'Vertigo'),
(37, 4, 1, 'Shades of Deep Purple', '1968-07-17', 'Parlophone'),
(38, 4, 2, 'The Book of Taliesyn', '1968-10-05', 'Harvest'),
(39, 4, 3, 'Deep Purple', '1969-06-21', 'Harvest'),
(40, 4, 4, 'Deep Purple in Rock', '1970-06-05', 'Harvest'),
(41, 4, 5, 'Fireball', '1971-07-25', 'Harvest'),
(42, 4, 6, 'Machine Head', '1972-03-25', 'Purple'),
(43, 4, 7, 'Who Do We Think We Are', '1973-01-12', 'Purple'),
(44, 4, 8, 'Burn', '1974-02-15', 'Purple'),
(45, 4, 9, 'Stormbringer', '1974-11-08', 'Purple'),
(46, 4, 10, 'Come Taste the Band', '1974-11-07', 'Purple'),
(47, 4, 11, 'Perfect Strangers', '1984-10-29', 'Polydor'),
(48, 4, 12, 'The House of Blue Light', '1987-01-12', 'Polydor'),
(49, 4, 13, 'Slaves and Masters', '1990-10-23', 'RCA'),
(50, 4, 14, 'The Battle Rages On...', '1993-07-02', 'BMG'),
(51, 4, 15, 'Purpendicular', '1996-02-17', 'BMG'),
(52, 4, 16, 'Abandon', '1998-06-02', 'EMI'),
(53, 4, 17, 'Bananas', '2003-08-25', 'EMI'),
(54, 4, 18, 'Rapture of the Deep', '2005-10-24', 'Edel'),
(55, 4, 19, 'Now What?!', '2013-04-26', 'earMusic'),
(56, 4, 20, 'Infinite', '2017-04-07', 'Edel'),
(57, 4, 21, 'Whoosh!', '2020-08-07', 'earMusic'),
(58, 4, 22, 'Turning to Crime', '2021-11-26', 'earMusic'),
(59, 5, 1, 'Appetite for Destruction', '1987-07-21', 'Geffen'),
(60, 5, 2, 'G N\' R Lies', '1988-11-29', 'Geffen'),
(61, 5, 3, 'Use Your Illusion I', '1991-09-17', 'Geffen'),
(62, 5, 4, 'Use Your Illusion II', '1991-09-17', 'Geffen'),
(63, 5, 5, 'The Spaghetti Incident?', '1993-11-23', 'Geffen'),
(64, 5, 6, 'Chinese Democracy', '2008-11-23', 'Black Frog, Geffen'),
(65, 6, 1, 'Iron Maiden', '1980-04-14', 'EMI'),
(66, 6, 2, 'Killers', '1981-02-02', 'EMI'),
(67, 6, 3, 'The Number of the Beast', '1982-03-22', 'EMI'),
(68, 6, 4, 'Piece of Mind', '1983-05-16', 'EMI'),
(69, 6, 5, 'Powerslave', '1984-09-03', 'EMI'),
(70, 6, 6, 'Somewhere in Time', '1986-09-29', 'EMI'),
(71, 6, 7, 'Seventh Son of a Seventh Son', '1988-04-11', 'EMI'),
(72, 6, 8, 'No Prayer for the Dying', '1990-10-01', 'EMI'),
(73, 6, 9, 'Fear of the Dark', '1992-05-11', 'EMI'),
(74, 6, 10, 'The X Factor', '1995-10-02', 'EMI'),
(75, 6, 11, 'Virtual XI', '1998-03-23', 'EMI'),
(76, 6, 12, 'Brave New World', '2000-05-29', 'EMI'),
(77, 6, 13, 'Dance of Death', '2003-09-08', 'EMI'),
(78, 6, 14, 'A Matter of Life and Death', '2006-08-25', 'EMI'),
(79, 6, 15, 'The Final Frontier', '2010-08-13', 'EMI'),
(80, 6, 16, 'The Book of Souls', '2015-09-04', 'Parlophone'),
(81, 6, 17, 'Senjutsu', '2021-09-03', 'Parlophone'),
(82, 7, 1, 'Korn', '1994-10-11', 'Immortal, Epic'),
(83, 7, 2, 'Life Is Peachy', '1996-10-15', 'Immortal, Epic'),
(84, 7, 3, 'Follow the Leader', '1998-08-18', 'Immortal, Epic'),
(85, 7, 4, 'Issues', '1999-11-16', 'Immortal, Epic'),
(86, 7, 5, 'Untouchables', '2002-06-11', 'Immortal, Epic'),
(87, 7, 6, 'Take a Look in the Mirror', '2003-11-21', 'Immortal, Epic'),
(88, 7, 7, 'See You on the Other Side', '2005-12-06', 'Virgin'),
(89, 7, 8, 'Untitled album', '2007-07-31', 'Virgin'),
(90, 7, 9, 'Korn III: Remember Who You Are', '2010-07-13', 'Roadrunner'),
(91, 7, 10, 'The Path of Totality', '2011-12-06', 'Roadrunner'),
(92, 7, 11, 'The Paradigm Shift', '2013-10-08', 'Roadrunner'),
(93, 7, 12, 'The Serenity of Suffering', '2016-10-21', 'Roadrunner'),
(94, 7, 13, 'The Nothing', '2019-09-13', 'Elektra, Roadrunner'),
(95, 7, 14, 'Requiem', '2022-02-04', 'Loma Vista'),
(96, 8, 1, 'Led Zeppelin', '1969-01-12', 'Atlantic'),
(97, 8, 2, 'Led Zeppelin II', '1969-10-22', 'Atlantic'),
(98, 8, 3, 'Led Zeppelin III', '1970-10-05', 'Atlantic'),
(99, 8, 4, 'Led Zeppelin IV', '1971-11-08', 'Atlantic'),
(100, 8, 5, 'Houses of the Holy', '1973-03-28', 'Atlantic'),
(101, 8, 6, 'Physical Graffiti', '1975-02-24', 'Swan Song'),
(102, 8, 7, 'Presence', '1976-03-31', 'Swan Song'),
(103, 8, 8, 'In Through the Out Door', '1979-08-15', 'Swan Song'),
(104, 9, 1, 'Kill \'Em All', '1983-07-25', 'Megaforce'),
(105, 9, 2, 'Ride the Lightning', '1984-07-27', 'Megaforce'),
(106, 9, 3, 'Master of Puppets', '1986-03-03', 'Elektra'),
(107, 9, 4, '...And Justice for All', '1988-09-07', 'Elektra'),
(108, 9, 5, 'Metallica', '1991-09-12', 'Elektra'),
(109, 9, 6, 'Load', '1996-06-04', 'Elektra'),
(110, 9, 7, 'Reload', '1997-11-18', 'Elektra'),
(111, 9, 8, 'St. Anger', '2003-06-05', 'Elektra'),
(112, 9, 9, 'Death Magnetic', '2008-09-12', 'Warner Bros'),
(113, 9, 10, 'Hardwired... to Self-Destruct', '2016-11-18', 'Blackened'),
(114, 10, 1, 'Bleach', '1989-06-15', 'Sub Pop'),
(115, 10, 2, 'Nevermind', '1991-09-24', 'DGC'),
(116, 10, 3, 'In Utero', '1993-09-13', 'DGC'),
(117, 11, 1, 'Ten', '1991-08-27', 'Epic'),
(118, 11, 2, 'Vs.', '1993-10-19', 'Epic'),
(119, 11, 3, 'Vitalogy', '1994-11-22', 'Epic'),
(120, 11, 4, 'No Code', '1996-08-27', 'Epic'),
(121, 11, 5, 'Yield', '1998-02-03', 'Epic'),
(122, 11, 6, 'Binaural', '2000-05-16', 'Epic'),
(123, 11, 7, 'Riot Act', '2002-11-12', 'Epic'),
(124, 11, 8, 'Pearl Jam', '2006-05-02', 'J'),
(125, 11, 9, 'Backspacer', '2009-09-20', 'Monkeywrench, Universal'),
(126, 11, 10, 'Lightning Bolt', '2013-10-15', 'Monkeywrench'),
(127, 11, 11, 'Gigaton', '2020-03-27', 'Monkeywrench'),
(128, 12, 1, 'The Piper at the Gates of Dawn', '1967-08-04', 'Columbia'),
(129, 12, 2, 'A Saucerful of Secrets', '1968-06-29', 'Columbia'),
(130, 12, 3, 'More', '1969-06-13', 'Harvest, Columbia'),
(131, 12, 4, 'Ummagumma', '1969-11-07', 'Harvest, Columbia'),
(132, 12, 5, 'Atom Heart Mother', '1970-10-02', 'Harvest, EMI'),
(133, 12, 6, 'Meddle', '1971-11-05', 'Harvest, EMI'),
(134, 12, 7, 'Obscured by Clouds', '1972-06-02', 'Harvest, EMI'),
(135, 12, 8, 'The Dark Side of the Moon', '1973-03-01', 'Harvest, EMI'),
(136, 12, 9, 'Wish You Were Here', '1975-09-12', 'Harvest, EMI'),
(137, 12, 10, 'Animals', '1977-01-21', 'Harvest, EMI'),
(138, 12, 11, 'The Wall', '1979-11-30', 'Harvest, EMI'),
(139, 12, 12, 'The Final Cut', '1983-03-21', 'Harvest, EMI'),
(140, 12, 13, 'A Momentary Lapse of Reason', '1987-09-07', 'EMI, Columbia'),
(141, 12, 14, 'The Division Bell', '1994-03-28', 'EMI, Columbia'),
(142, 12, 15, 'The Endless River', '2014-11-10', 'Parlophone'),
(143, 13, 1, 'Ritchie Blackmore\'s Rainbow', '1975-08-04', 'Oyster. Polydor'),
(144, 13, 2, 'Rising', '1976-05-17', 'Oyster. Polydor'),
(145, 13, 3, 'Long Live Rock \'n\' Roll', '1978-04-14', 'Polydor'),
(146, 13, 4, 'Down to Earth', '1979-08-03', 'Polydor'),
(147, 13, 5, 'Difficult to Cure', '1981-02-09', 'Polydor'),
(148, 13, 6, 'Straight Between the Eyes', '1982-04-12', 'Polydor'),
(149, 13, 7, 'Bent Out of Shape', '1983-08-24', 'Polydor'),
(150, 13, 8, 'Stranger in Us All', '1995-08-21', 'RCA/BMG'),
(151, 14, 1, 'Rush', '1974-03-01', 'Moon'),
(152, 14, 2, 'Fly by Night', '1975-02-15', 'Mercury'),
(153, 14, 3, 'Caress of Steel', '1975-09-24', 'Mercury'),
(154, 14, 4, '2112', '1976-03-01', 'Mercury'),
(155, 14, 5, 'A Farewell to Kings', '1977-09-01', 'Mercury'),
(156, 14, 6, 'Hemispheres', '1978-10-29', 'Mercury'),
(157, 14, 7, 'Permanent Waves', '1980-01-14', 'Mercury'),
(158, 14, 8, 'Moving Pictures', '1981-02-12', 'Mercury'),
(159, 14, 9, 'Signals', '1982-09-09', 'Mercury'),
(160, 14, 10, 'Grace Under Pressure', '1984-04-12', 'Mercury'),
(161, 14, 11, 'Power Windows', '1985-10-14', 'Mercury'),
(162, 14, 12, 'Hold Your Fire', '1987-09-08', 'Mercury'),
(163, 14, 13, 'Presto', '1989-11-21', 'Atlantic'),
(164, 14, 14, 'Roll the Bones', '1991-09-03', 'Atlantic'),
(165, 14, 15, 'Counterparts', '1993-10-19', 'Atlantic'),
(166, 14, 16, 'Test for Echo', '1996-09-10', 'Atlantic'),
(167, 14, 17, 'Vapor Trails', '2002-05-14', 'Atlantic'),
(168, 14, 18, 'Snakes & Arrows', '2007-05-01', 'Atlantic'),
(169, 14, 19, 'Clockwork Angels', '2012-06-12', 'Roadrunner'),
(170, 15, 1, 'Show No Mercy', '1983-12-03', 'Metal Blade'),
(171, 15, 2, 'Hell Awaits', '1985-04-19', 'Metal Blade'),
(172, 15, 3, 'Reign in Blood', '1986-10-07', 'Def Jam'),
(173, 15, 4, 'South of Heaven', '1988-07-05', 'Def Jam'),
(174, 15, 5, 'Seasons in the Abyss', '1990-10-09', 'Def American'),
(175, 15, 6, 'Divine Intervention', '1994-09-27', 'American'),
(176, 15, 7, 'Undisputed Attitude', '1996-05-28', 'American'),
(177, 15, 8, 'Diabolus in Musica', '1998-06-09', 'American'),
(178, 15, 9, 'God Hates Us All', '2001-09-11', 'American'),
(179, 15, 10, 'Christ Illusion', '2006-08-08', 'American'),
(180, 15, 11, 'World Painted Blood', '2009-11-03', 'American'),
(181, 15, 12, 'Repentless', '2015-09-11', 'Nuclear Blast'),
(182, 16, 1, 'Slipknot', '1999-06-29', 'Roadrunner'),
(183, 16, 2, 'Iowa', '2001-08-28', 'Roadrunner'),
(184, 16, 3, 'Vol. 3: (The Subliminal Verses)', '2004-05-25', 'Roadrunner'),
(185, 16, 4, 'All Hope Is Gone', '2008-08-26', 'Roadrunner'),
(186, 16, 5, '.5: The Gray Chapter', '2014-10-21', 'Roadrunner'),
(187, 16, 6, 'We Are Not Your Kind', '2019-08-09', 'Roadrunner'),
(188, 16, 7, 'The End, So Far', '2022-09-30', 'Roadrunner'),
(189, 17, 1, 'Stone Sour', '2002-08-27', 'Roadrunner'),
(190, 17, 2, 'Come What(ever) May', '2006-08-01', 'Roadrunner'),
(191, 17, 3, 'Audio Secrecy', '2010-09-07', 'Roadrunner'),
(192, 17, 4, 'House of Gold & Bones – Part 1', '2012-10-22', 'Roadrunner'),
(193, 17, 5, 'House of Gold & Bones – Part 2', '2013-04-09', 'Roadrunner'),
(194, 17, 6, 'Hydrograd', '2017-06-30', 'Roadrunner'),
(195, 18, 1, 'Three Imaginary Boys', '1979-05-11', 'Fiction'),
(196, 18, 2, 'Seventeen Seconds', '1980-04-18', 'Fiction'),
(197, 18, 3, 'Faith', '1981-04-17', 'Fiction'),
(198, 18, 4, 'Pornography', '1982-05-03', 'Fiction, A&M'),
(199, 18, 5, 'The Top', '1984-05-04', 'Fiction, Sire'),
(200, 18, 6, 'The Head on the Door', '1985-08-30', 'Fiction, Elektra'),
(201, 18, 7, 'Kiss Me, Kiss Me, Kiss Me', '1987-05-26', 'Fiction, Elektra'),
(202, 18, 8, 'Disintegration', '1989-05-02', 'Fiction, Elektra'),
(203, 18, 9, 'Wish', '1992-04-21', 'Fiction, Elektra'),
(204, 18, 10, 'Wild Mood Swings', '1996-05-07', 'Fiction, Elektra'),
(205, 18, 11, 'Bloodflowers', '2000-02-02', 'Fiction/Polydor, Elektra'),
(206, 18, 12, 'The Cure', '2004-06-25', 'I Am/Geffen'),
(207, 18, 13, '4:13 Dream', '2008-10-27', 'Suretone/Geffen'),
(208, 19, 1, 'Toto', '1978-10-20', 'Columbia'),
(209, 19, 2, 'Hydra', '1979-10-30', 'Columbia'),
(210, 19, 3, 'Turn Back', '1981-01-16', 'Columbia'),
(211, 19, 4, 'Toto IV', '1982-03-26', 'Columbia'),
(212, 19, 5, 'Isolation', '1984-10-18', 'Columbia'),
(213, 19, 6, 'Fahrenheit', '1986-08-25', 'Columbia'),
(214, 19, 7, 'The Seventh One', '1988-02-08', 'Columbia'),
(215, 19, 8, 'Kingdom of Desire', '1992-09-07', 'Relativity'),
(216, 19, 9, 'Tambu', '1995-05-09', 'Sony BMG'),
(217, 19, 10, 'Mindfields', '1999-03-16', 'Legacy'),
(218, 19, 11, 'Through the Looking Glass', '2002-10-21', 'CMC International'),
(219, 19, 12, 'Falling in Between', '2006-02-14', 'Frontiers'),
(220, 19, 13, 'Toto XIV', '2015-03-20', 'Frontiers'),
(221, 19, 14, 'Old is New', '2018-11-30', 'Columbia'),
(222, 20, 1, 'Trouble', '1978-10-12', 'EMI'),
(223, 20, 2, 'Lovehunter', '1978-10-08', 'Union Artist'),
(224, 20, 3, 'Ready an\' Willing', '1980-05-23', 'Union Artist'),
(225, 20, 4, 'Come an\' Get It', '1981-04-06', 'Liberty'),
(226, 20, 5, 'Saints & Sinners', '1982-11-15', 'Liberty/EMI'),
(227, 20, 6, 'Slide It In', '1984-01-30', 'Liberty, Geffen'),
(228, 20, 7, 'Whitesnake', '1987-03-30', 'EMI, Geffen'),
(229, 20, 8, 'Slip of the Tongue', '1989-11-07', 'EMI, Geffen'),
(230, 20, 9, 'Restless Heart', '1997-03-26', 'EMI'),
(231, 20, 10, 'Good to Be Bad', '2008-04-21', 'Steamhammer'),
(232, 20, 11, 'Forevermore', '2011-03-09', 'Frontiers'),
(233, 20, 12, 'The Purple Album', '2015-04-29', 'Frontiers'),
(234, 20, 13, 'Flesh & Blood', '2019-05-10', 'Frontiers'),
(235, 21, 1, 'Queen', '1973-07-13', 'EMI'),
(236, 21, 2, 'Queen II', '1974-03-08', 'EMI'),
(237, 21, 3, 'Sheer Heart Attack', '1974-11-08', 'EMI'),
(238, 21, 4, 'A Night at the Opera', '1975-11-21', 'EMI'),
(239, 21, 5, 'A Day at the Races', '1976-12-10', 'EMI'),
(240, 21, 6, 'News of the World', '1977-10-28', 'EMI'),
(241, 21, 7, 'Jazz', '1978-11-10', 'EMI'),
(242, 21, 8, 'The Game', '1980-06-30', 'EMI'),
(243, 21, 9, 'Flash Gordon', '1980-12-08', 'EMI'),
(244, 21, 10, 'Hot Space', '1982-05-21', 'EMI'),
(245, 21, 11, 'The Works', '1984-02-27', 'EMI'),
(246, 21, 12, 'A Kind of Magic', '1986-06-02', 'EMI'),
(247, 21, 13, 'The Miracle', '1989-05-22', 'EMI'),
(248, 21, 14, 'Innuendo', '1991-02-04', 'EMI'),
(249, 21, 15, 'Made in Heaven', '1995-11-06', 'EMI'),
(250, 22, 1, 'Thin Lizzy', '1971-04-30', 'Decca'),
(251, 22, 2, 'Shades of a Blue Orphanage', '1972-03-10', 'Decca'),
(252, 22, 3, 'Vagabonds of the Western World', '1973-09-21', 'Decca'),
(253, 22, 4, 'Nightlife', '1974-11-08', 'Vertigo'),
(254, 22, 5, 'Fighting', '1975-09-12', 'Vertigo'),
(255, 22, 6, 'Jailbreak', '1976-03-26', 'Vertigo'),
(256, 22, 7, 'Johnny the Fox', '1976-10-16', 'Vertigo'),
(257, 22, 8, 'Bad Reputation', '1977-09-02', 'Vertigo'),
(258, 22, 9, 'Black Rose: A Rock Legend', '1979-04-13', 'Vertigo'),
(259, 22, 10, 'Chinatown', '1980-10-10', 'Vertigo'),
(260, 22, 11, 'Renegade', '1981-11-15', 'Vertigo'),
(261, 22, 12, 'Thunder and Lightning', '1983-03-04', 'Vertigo'),
(262, 23, 1, 'Ultramega OK', '1988-10-31', 'SST'),
(263, 23, 2, 'Louder Than Love', '1989-09-05', 'A&M'),
(264, 23, 3, 'Badmotorfinger', '1991-10-08', 'A&M'),
(265, 23, 4, 'Superunknown', '1994-03-08', 'A&M'),
(266, 23, 5, 'Down on the Upside', '1996-05-21', 'A&M'),
(267, 23, 6, 'King Animal', '2012-11-13', 'Seven Four, Republic');

-- --------------------------------------------------------

--
-- Struktura tabeli dla tabeli `artist`
--

CREATE TABLE `artist` (
  `id` int(11) NOT NULL,
  `name` varchar(50) COLLATE utf8mb4_polish_ci NOT NULL,
  `origin` varchar(50) COLLATE utf8mb4_polish_ci NOT NULL,
  `active` int(1) NOT NULL,
  `formed` int(4) NOT NULL
) ENGINE=InnoDB DEFAULT CHARSET=utf8mb4 COLLATE=utf8mb4_polish_ci;

--
-- Zrzut danych tabeli `artist`
--

INSERT INTO `artist` (`id`, `name`, `origin`, `active`, `formed`) VALUES
(1, 'Alice in Chains', 'Seattle, USA', 1, 1987),
(2, 'Black Label Society', 'Los Angeles, USA', 1, 1998),
(3, 'Black Sabbath', 'Birmingham, UK', 0, 1968),
(4, 'Deep Purple', 'London, UK', 1, 1968),
(5, 'Guns N\' Roses', 'Los Angeles, USA', 1, 1985),
(6, 'Iron Maiden', 'London, UK', 1, 1975),
(7, 'Korn', 'Bakersfield, USA', 1, 1993),
(8, 'Led Zeppelin', 'London, UK', 0, 1968),
(9, 'Metallica', 'Los Angeles, USA', 1, 1981),
(10, 'Nirvana', 'Aberdeen, USA', 0, 1987),
(11, 'Pearl Jam', 'Seattle, USA', 1, 1990),
(12, 'Pink Floyd', 'London, UK', 0, 1965),
(13, 'Rainbow', 'London, UK', 0, 1975),
(14, 'Rush', 'Toronto, Canada', 0, 1968),
(15, 'Slayer', 'Huntington Park, USA', 0, 1981),
(16, 'Slipknot', 'Des Moines, Iowa', 1, 1995),
(17, 'Stone Sour', 'Des Moines, Iowa', 0, 1992),
(18, 'The Cure', 'Crawley, UK', 1, 1978),
(19, 'Toto', 'Los Angeles, USA', 1, 1977),
(20, 'Whitesnake', 'London, UK', 1, 1978),
(21, 'Queen', 'London, UK', 0, 1970),
(22, 'Thin Lizzy', 'Dublin, Ireland', 0, 1969),
(23, 'Soundgarden', 'Seattle, USA', 0, 1984);

-- --------------------------------------------------------

--
-- Struktura tabeli dla tabeli `liked`
--

CREATE TABLE `liked` (
  `song_id` int(5) NOT NULL
) ENGINE=InnoDB DEFAULT CHARSET=utf8mb4 COLLATE=utf8mb4_polish_ci;

--
-- Zrzut danych tabeli `liked`
--

INSERT INTO `liked` (`song_id`) VALUES
(5);

-- --------------------------------------------------------

--
-- Struktura tabeli dla tabeli `song`
--

CREATE TABLE `song` (
  `id` int(5) NOT NULL,
  `album_id` int(4) NOT NULL,
  `song_order` int(2) NOT NULL,
  `title` varchar(100) COLLATE utf8mb4_polish_ci NOT NULL,
  `time` time NOT NULL
) ENGINE=InnoDB DEFAULT CHARSET=utf8mb4 COLLATE=utf8mb4_polish_ci;

--
-- Zrzut danych tabeli `song`
--

INSERT INTO `song` (`id`, `album_id`, `song_order`, `title`, `time`) VALUES
(1, 1, 1, 'We Die Young', '00:02:32'),
(2, 1, 2, 'Man in the Box', '00:04:46'),
(3, 1, 3, 'Sea of Sorrow', '00:05:49'),
(4, 1, 4, 'Bleed the Freak', '00:04:01'),
(5, 1, 5, 'I Can\'t Remember', '00:03:42'),
(6, 1, 6, 'Love, Hate, Love', '00:06:26'),
(7, 1, 7, 'It Ain\'t Like That', '00:04:37'),
(8, 1, 8, 'Sunshine', '00:04:44'),
(9, 1, 9, 'Put You Down', '00:03:16'),
(10, 1, 10, 'Confusion', '00:05:44'),
(11, 1, 11, 'I Know Somethin (Bout You)', '00:04:22'),
(12, 1, 12, 'Real Thing', '00:04:03'),
(13, 2, 1, 'Them Bones', '00:02:30'),
(14, 2, 2, 'Dam That River', '00:03:09'),
(15, 2, 3, 'Rain When I Die', '00:06:01'),
(16, 2, 4, 'Down in a Hole[I]', '00:05:38'),
(17, 2, 5, 'Sickman', '00:05:29'),
(18, 2, 6, 'Rooster', '00:06:15'),
(19, 2, 7, 'Junkhead', '00:05:09'),
(20, 2, 8, 'Dirt', '00:05:16'),
(21, 2, 9, 'God Smack', '00:03:56'),
(22, 2, 10, 'Intro (Dream Sequence)/Iron Gland', '00:00:43'),
(23, 2, 11, 'Hate to Feel', '00:05:15'),
(24, 2, 12, 'Angry Chair', '00:04:48'),
(25, 2, 13, 'Would?', '00:03:28'),
(26, 3, 1, 'Grind', '00:04:44'),
(27, 3, 2, 'Brush Away', '00:03:22'),
(28, 3, 3, 'Sludge Factory', '00:07:12'),
(29, 3, 4, 'Heaven Beside You', '00:05:27'),
(30, 3, 5, 'Head Creeps', '00:06:28'),
(31, 3, 6, 'Again', '00:04:05'),
(32, 3, 7, 'Shame in You', '00:05:35'),
(33, 3, 8, 'God Am', '00:04:08'),
(34, 3, 9, 'So Close', '00:02:45'),
(35, 3, 10, 'Nothin\' Song', '00:05:40'),
(36, 3, 11, 'Frogs', '00:08:18'),
(37, 3, 12, 'Over Now', '00:07:03'),
(38, 4, 1, 'All Secrets Known', '00:04:42'),
(39, 4, 2, 'Check My Brain', '00:03:57'),
(40, 4, 3, 'Last of My Kind', '00:05:52'),
(41, 4, 4, 'Your Decision', '00:04:43'),
(42, 4, 5, 'A Looking in View', '00:07:06'),
(43, 4, 6, 'When the Sun Rose Again', '00:04:00'),
(44, 4, 7, 'Acid Bubble', '00:06:55'),
(45, 4, 8, 'Lesson Learned', '00:04:16'),
(46, 4, 9, 'Take Her Out', '00:04:00'),
(47, 4, 10, 'Private Hell', '00:05:38'),
(48, 4, 11, 'Black Gives Way to Blue', '00:03:03'),
(49, 5, 1, 'Hollow', '00:05:43'),
(50, 5, 2, 'Pretty Done', '00:04:35'),
(51, 5, 3, 'Stone', '00:04:23'),
(52, 5, 4, 'Voices', '00:05:42'),
(53, 5, 5, 'The Devil Put Dinosaurs Here', '00:06:38'),
(54, 5, 6, 'Lab Monkey', '00:05:59'),
(55, 5, 7, 'Low Ceiling', '00:05:15'),
(56, 5, 8, 'Breath on a Window', '00:05:18'),
(57, 5, 9, 'Scalpel', '00:05:21'),
(58, 5, 10, 'Phantom Limb', '00:07:07'),
(59, 5, 11, 'Hung on a Hook', '00:05:34'),
(60, 5, 12, 'Choke', '00:05:44'),
(61, 6, 1, 'The One You Know', '00:04:49'),
(62, 6, 2, 'Rainier Fog', '00:05:01'),
(63, 6, 3, 'Red Giant', '00:05:25'),
(64, 6, 4, 'Fly', '00:05:18'),
(65, 6, 5, 'Drone', '00:06:30'),
(66, 6, 6, 'Deaf Ears Blind Eyes', '00:04:44'),
(67, 6, 7, 'Maybe', '00:05:36'),
(68, 6, 8, 'So Far Under', '00:04:33'),
(69, 6, 9, 'Never Fade', '00:04:40'),
(70, 6, 10, 'All I Am', '00:07:15'),
(71, 7, 1, 'Bored to Tears', '00:04:28'),
(72, 7, 2, 'The Rose Petalled Garden', '00:04:55'),
(73, 7, 3, 'Hey You (Batch of Lies)', '00:03:53'),
(74, 7, 4, 'Born to Lose', '00:04:23'),
(75, 7, 5, 'Peddlers of Death', '00:04:33'),
(76, 7, 6, 'Mother Mary', '00:04:26'),
(77, 7, 7, 'Beneath the Tree', '00:04:09'),
(78, 7, 8, 'Low Down', '00:05:04'),
(79, 7, 9, 'T.A.Z.', '00:01:56'),
(80, 7, 10, 'Black Pearl', '00:03:27'),
(81, 7, 11, 'World of Trouble', '00:05:20'),
(82, 7, 12, 'Spoke in the Wheel', '00:04:13'),
(83, 7, 13, 'The Beginning... At Last', '00:04:26'),
(84, 8, 1, 'All for You', '00:03:59'),
(85, 8, 2, 'Phoney Smiles & Fake Hellos', '00:04:16'),
(86, 8, 3, '13 Years of Grief', '00:04:11'),
(87, 8, 4, 'Rust', '00:06:08'),
(88, 8, 5, 'Superterrorizer', '00:05:33'),
(89, 8, 6, 'Counterfeit God', '00:04:18'),
(90, 8, 7, 'Ain\'t Life Grand', '00:04:39'),
(91, 8, 8, 'Just Killing Time', '00:04:55'),
(92, 8, 9, 'Bullet Inside Your Head', '00:04:54'),
(93, 8, 10, 'Stronger Than Death', '00:04:52'),
(94, 8, 11, 'Love Reign Down', '00:08:03'),
(95, 9, 1, 'Bleed for Me', '00:05:31'),
(96, 9, 2, 'Lords of Destruction', '00:05:11'),
(97, 9, 3, 'Demise of Sanity', '00:03:23'),
(98, 9, 4, 'Life, Birth, Blood, Doom', '00:04:21'),
(99, 9, 5, 'Bridge to Cross', '00:05:49'),
(100, 9, 6, 'Battering Ram', '00:02:22'),
(101, 9, 7, 'Speedball', '00:00:58'),
(102, 9, 8, 'Graveyard Disciples', '00:03:20'),
(103, 9, 9, 'Genocide Junkies', '00:05:53'),
(104, 9, 10, 'Lost Heaven', '00:04:24'),
(105, 9, 11, 'Refuse to Bow Down', '00:04:53'),
(106, 9, 12, 'Mass Murder Machine', '00:05:47'),
(107, 9, 13, 'Berserkers', '00:05:06'),
(108, 9, 14, 'America the Beautiful', '00:03:17'),
(109, 9, 15, 'Llabdeeps', '00:01:00'),
(110, 10, 1, 'Stoned and Drunk', '00:05:02'),
(111, 10, 2, 'Doomsday Jesus', '00:03:30'),
(112, 10, 3, 'Stillborn (feat. Ozzy Osbourne)', '00:03:15'),
(113, 10, 4, 'Suffering Overdue', '00:04:29'),
(114, 10, 5, 'The Blessed Hellride', '00:04:32'),
(115, 10, 6, 'Funeral Bell', '00:04:41'),
(116, 10, 7, 'Final Solution', '00:04:04'),
(117, 10, 8, 'Destruction Overdrive', '00:03:01'),
(118, 10, 9, 'Blackened Waters', '00:03:56'),
(119, 10, 10, 'We Live No More', '00:04:02'),
(120, 10, 11, 'Dead Meadow', '00:04:30'),
(121, 10, 12, 'F.U.N.', '00:02:58'),
(122, 11, 1, 'Crazy or High', '00:03:34'),
(123, 11, 2, 'Queen of Sorrow', '00:04:15'),
(124, 11, 3, 'Steppin\' Stone', '00:04:54'),
(125, 11, 4, 'Yesterday, Today, Tomorrow', '00:03:43'),
(126, 11, 5, 'Takillya (Estyabon)', '00:00:39'),
(127, 11, 6, 'Won\'t Find It Here', '00:06:26'),
(128, 11, 7, 'She Deserves a Free Ride (Val\'s Song)', '00:04:19'),
(129, 11, 8, 'House of Doom', '00:03:46'),
(130, 11, 9, 'Damage Is Done', '00:05:20'),
(131, 11, 10, 'Layne', '00:05:15'),
(132, 11, 11, 'Woman Don\'t Cry', '00:05:39'),
(133, 11, 12, 'No Other', '00:04:59'),
(134, 11, 13, 'A Whiter Shade of Pale', '00:05:08'),
(135, 11, 14, 'Once More', '00:04:10'),
(136, 11, 15, 'Fear', '00:04:38'),
(137, 12, 1, 'Fire It Up', '00:04:59'),
(138, 12, 2, 'What\'s In You', '00:03:00'),
(139, 12, 3, 'Suicide Messiah', '00:05:47'),
(140, 12, 4, 'Forever Down', '00:03:39'),
(141, 12, 5, 'In This River', '00:03:52'),
(142, 12, 6, 'You Must Be Blind', '00:03:27'),
(143, 12, 7, 'Death March', '00:03:05'),
(144, 12, 8, 'Dr. Octavia', '00:00:50'),
(145, 12, 9, 'Say What You Will', '00:03:46'),
(146, 12, 10, 'Too Tough to Die', '00:02:50'),
(147, 12, 11, 'Electric Hellfire', '00:02:28'),
(148, 12, 12, 'Spread Your Wings', '00:04:09'),
(149, 12, 13, 'Been a Long Time', '00:03:07'),
(150, 12, 14, 'Dirt on the Grave', '00:02:51'),
(151, 12, 15, 'I Never Dreamed', '00:06:08'),
(152, 13, 1, 'Crazy Horse', '00:04:04'),
(153, 13, 2, 'Overlord', '00:06:05'),
(154, 13, 3, 'Parade of the Dead', '00:03:36'),
(155, 13, 4, 'Darkest Days', '00:04:17'),
(156, 13, 5, 'Black Sunday', '00:03:23'),
(157, 13, 6, 'Southern Dissolution', '00:04:56'),
(158, 13, 7, 'Time Waits for No One', '00:03:36'),
(159, 13, 8, 'Godspeed Hell Bound', '00:04:43'),
(160, 13, 9, 'War of Heaven', '00:04:09'),
(161, 13, 10, 'Shallow Grave', '00:03:37'),
(162, 13, 11, 'Chupacabra', '00:00:49'),
(163, 13, 12, 'Riders of the Damned', '00:03:23'),
(164, 13, 13, 'January', '00:02:20'),
(165, 14, 1, 'Fields of Unforgiveness', '00:03:12'),
(166, 14, 2, 'My Dying Time', '00:03:22'),
(167, 14, 3, 'Believe', '00:03:44'),
(168, 14, 4, 'Angel of Mercy', '00:04:14'),
(169, 14, 5, 'Heart of Darkness', '00:03:39'),
(170, 14, 6, 'Beyond the Down', '00:02:54'),
(171, 14, 7, 'Scars', '00:04:13'),
(172, 14, 8, 'Damn the Flood', '00:03:18'),
(173, 14, 9, 'I\'ve Gone Away', '00:03:51'),
(174, 14, 10, 'Empty Promises', '00:05:16'),
(175, 14, 11, 'Shades of Gray', '00:06:28'),
(176, 15, 1, 'Fields of Unforgiveness', '00:03:12'),
(177, 15, 2, 'My Dying Time', '00:03:22'),
(178, 15, 3, 'Believe', '00:03:44'),
(179, 15, 4, 'Angel of Mercy', '00:04:14'),
(180, 15, 5, 'Heart of Darkness', '00:03:39'),
(181, 15, 6, 'Beyond the Down', '00:02:54'),
(182, 15, 7, 'Scars', '00:04:13'),
(183, 15, 8, 'Damn the Flood', '00:03:18'),
(184, 15, 9, 'I\'ve Gone Away', '00:03:51'),
(185, 15, 10, 'Empty Promises', '00:05:16'),
(186, 15, 11, 'Shades of Gray', '00:06:28'),
(187, 16, 1, 'Trampled Down Below', '00:05:04'),
(188, 16, 2, 'Seasons of Falter', '00:04:00'),
(189, 16, 3, 'The Betrayal', '00:03:48'),
(190, 16, 4, 'All That Once Shined', '00:03:54'),
(191, 16, 5, 'The Only Words', '00:05:29'),
(192, 16, 6, 'Room of Nightmares', '00:02:31'),
(193, 16, 7, 'A Love Unreal', '00:06:00'),
(194, 16, 8, 'Disbelief', '00:05:28'),
(195, 16, 9, 'The Day That Heaven Had Gone Away', '00:06:12'),
(196, 16, 10, 'Illusions of Peace', '00:04:07'),
(197, 16, 11, 'Bury Your Sorrow', '00:04:41'),
(198, 16, 12, 'Nothing Left to Say', '00:04:22'),
(199, 17, 1, 'Set You Free', '00:03:57'),
(200, 17, 2, 'Destroy & Conquer', '00:03:41'),
(201, 17, 3, 'You Made Me Want to Live', '00:04:31'),
(202, 17, 4, 'Forever and a Day', '00:04:09'),
(203, 17, 5, 'End of Days', '00:05:22'),
(204, 17, 6, 'Ruins', '00:05:47'),
(205, 17, 7, 'Forsaken', '00:05:54'),
(206, 17, 8, 'Love Reign Down', '00:05:48'),
(207, 17, 9, 'Gospel of Lies', '00:06:32'),
(208, 17, 10, 'Shelter Me', '00:05:28'),
(209, 17, 11, 'Gather All My Sins', '00:04:18'),
(210, 17, 12, 'Farewell Ballad', '00:06:39'),
(211, 18, 1, 'Black Sabbath', '00:06:20'),
(212, 18, 2, 'The Wizard', '00:04:24'),
(213, 18, 3, 'Behind the Wall of Sleep', '00:03:37'),
(214, 18, 4, 'N.I.B.', '00:06:08'),
(215, 18, 5, 'Evil Woman', '00:03:25'),
(216, 18, 6, 'Sleeping Village', '00:03:46'),
(217, 18, 7, 'Warning', '00:10:28'),
(218, 18, 8, 'Wicked World', '00:04:47'),
(219, 19, 1, 'War Pigs', '00:07:57'),
(220, 19, 2, 'Paranoid', '00:02:48'),
(221, 19, 3, 'Planet Caravan', '00:04:32'),
(222, 19, 4, 'Iron Man', '00:05:56'),
(223, 19, 5, 'Electric Funeral', '00:04:53'),
(224, 19, 6, 'Hand of Doom', '00:07:08'),
(225, 19, 7, 'Rat Salad', '00:02:30'),
(226, 19, 8, 'Fairies Wear Boots', '00:06:15'),
(227, 20, 1, 'Sweet Leaf', '00:05:05'),
(228, 20, 2, 'After Forever', '00:05:27'),
(229, 20, 3, 'Embryo', '00:00:28'),
(230, 20, 4, 'Children of the Grave', '00:05:18'),
(231, 20, 5, 'Orchid (Instrumental)', '00:01:31'),
(232, 20, 6, 'Lord of This World', '00:05:27'),
(233, 20, 7, 'Solitude', '00:05:02'),
(234, 20, 8, 'Into the Void', '00:06:13'),
(235, 21, 1, 'Wheels of Confusion', '00:08:02'),
(236, 21, 2, 'Tomorrow\'s Dream', '00:03:12'),
(237, 21, 3, 'Changes', '00:04:44'),
(238, 21, 4, 'FX', '00:01:44'),
(239, 21, 5, 'Supernaut', '00:04:50'),
(240, 21, 6, 'Snowblind', '00:05:33'),
(241, 21, 7, 'Cornucopia', '00:03:55'),
(242, 21, 8, 'Laguna Sunrise', '00:02:53'),
(243, 21, 9, 'St. Vitus Dance', '00:02:30'),
(244, 21, 10, 'Under the Sun', '00:05:53'),
(245, 22, 1, 'Sabbath Bloody Sabbath', '00:05:45'),
(246, 22, 2, 'A National Acrobat', '00:06:16'),
(247, 22, 3, 'Fluff', '00:04:11'),
(248, 22, 4, 'Sabbra Cadabra', '00:05:59'),
(249, 22, 5, 'Killing Yourself to Live', '00:05:41'),
(250, 22, 6, 'Who Are You?', '00:04:11'),
(251, 22, 7, 'Looking for Today', '00:05:06'),
(252, 22, 8, 'Spiral Architect', '00:05:29'),
(253, 23, 1, 'Hole in the Sky', '00:03:59'),
(254, 23, 2, 'Don\'t Start (Too Late)', '00:00:49'),
(255, 23, 3, 'Symptom of the Universe', '00:06:29'),
(256, 23, 4, 'Megalomania', '00:09:42'),
(257, 23, 5, 'Thrill of It All', '00:05:55'),
(258, 23, 6, 'Supertzar', '00:03:44'),
(259, 23, 7, 'Am I Going Insane (Radio)', '00:04:14'),
(260, 23, 8, 'The Writ', '00:08:45'),
(261, 24, 1, 'Back Street Kids', '00:03:47'),
(262, 24, 2, 'You Won\'t Change Me', '00:06:42'),
(263, 24, 3, 'It\'s Alright', '00:04:04'),
(264, 24, 4, 'Gypsy', '00:05:14'),
(265, 24, 5, 'All Moving Parts (Stand Still)', '00:05:07'),
(266, 24, 6, 'Rock \'n\' Roll Doctor', '00:03:30'),
(267, 24, 7, 'She\'s Gone', '00:04:58'),
(268, 24, 8, 'Dirty Women', '00:07:13'),
(269, 25, 1, 'Never Say Die', '00:03:50'),
(270, 25, 2, 'Johnny Blade', '00:06:28'),
(271, 25, 3, 'Junior\'s Eyes', '00:06:42'),
(272, 25, 4, 'A Hard Road', '00:06:04'),
(273, 25, 5, 'Shock Wave', '00:05:15'),
(274, 25, 6, 'Air Dance', '00:05:17'),
(275, 25, 7, 'Over to You', '00:05:22'),
(276, 25, 8, 'Breakout', '00:02:35'),
(277, 25, 9, 'Swinging the Chain', '00:04:06'),
(278, 26, 1, 'Neon Knights', '00:03:53'),
(279, 26, 2, 'Children of the Sea', '00:05:34'),
(280, 26, 3, 'Lady Evil', '00:04:26'),
(281, 26, 4, 'Heaven and Hell', '00:06:59'),
(282, 26, 5, 'Wishing Well', '00:04:07'),
(283, 26, 6, 'Die Young', '00:04:45'),
(284, 26, 7, 'Walk Away', '00:04:25'),
(285, 26, 8, 'Lonely Is the Word', '00:05:51'),
(286, 27, 1, 'Turn Up the Night', '00:03:42'),
(287, 27, 2, 'Voodoo', '00:04:32'),
(288, 27, 3, 'The Sign of the Southern Cross', '00:07:46'),
(289, 27, 4, 'E5150', '00:02:54'),
(290, 27, 5, 'The Mob Rules', '00:03:14'),
(291, 27, 6, 'Country Girl', '00:04:02'),
(292, 27, 7, 'Slipping Away', '00:03:45'),
(293, 27, 8, 'Falling Off the Edge of the World', '00:05:02'),
(294, 27, 9, 'Over and Over', '00:05:28'),
(295, 28, 1, 'Trashed', '00:04:13'),
(296, 28, 2, 'Stonehenge', '00:01:58'),
(297, 28, 3, 'Disturbing the Priest', '00:05:48'),
(298, 28, 4, 'The Dark', '00:00:40'),
(299, 28, 5, 'Zero the Hero', '00:07:37'),
(300, 28, 6, 'Digital Bitch', '00:03:36'),
(301, 28, 7, 'Born Again', '00:06:30'),
(302, 28, 8, 'Hot Line', '00:04:48'),
(303, 28, 9, 'Keep It Warm', '00:05:33'),
(304, 29, 1, 'In for the Kill', '00:03:44'),
(305, 29, 2, 'No Stranger to Love', '00:04:25'),
(306, 29, 3, 'Turn to Stone', '00:03:24'),
(307, 29, 4, 'Sphinx (The Guardian)', '00:01:09'),
(308, 29, 5, 'Seventh Star', '00:05:18'),
(309, 29, 6, 'Danger Zone', '00:04:20'),
(310, 29, 7, 'Heart Like a Wheel', '00:06:29'),
(311, 29, 8, 'Angry Heart', '00:03:09'),
(312, 29, 9, 'In Memory...', '00:02:30'),
(313, 30, 1, 'The Shining', '00:05:57'),
(314, 30, 2, 'Ancient Warrior', '00:05:24'),
(315, 30, 3, 'Hard Life to Love', '00:04:53'),
(316, 30, 4, 'Glory Ride', '00:04:43'),
(317, 30, 5, 'Born to Lose', '00:03:48'),
(318, 30, 6, 'Nightmare', '00:05:14'),
(319, 30, 7, 'Scarlet Pimpernel', '00:02:04'),
(320, 30, 8, 'Lost Forever', '00:04:03'),
(321, 30, 9, 'Eternal Idol', '00:06:28'),
(322, 31, 1, 'The Gates of Hell', '00:01:06'),
(323, 31, 2, 'Headless Cross', '00:06:28'),
(324, 31, 3, 'Devil & Daughter', '00:04:39'),
(325, 31, 4, 'When Death Calls', '00:06:56'),
(326, 31, 5, 'Kill in the Spirit World', '00:05:09'),
(327, 31, 6, 'Call of the Wild', '00:05:18'),
(328, 31, 7, 'Black Moon', '00:04:05'),
(329, 31, 8, 'Nightwing', '00:06:32'),
(330, 31, 9, 'Cloak and Dagger', '00:04:37'),
(331, 32, 1, 'Anno Mundi', '00:06:12'),
(332, 32, 2, 'The Law Maker', '00:03:53'),
(333, 32, 3, 'Jerusalem', '00:03:59'),
(334, 32, 4, 'The Sabbath Stones', '00:06:46'),
(335, 32, 5, 'The Battle of Tyr (Instrumental)', '00:01:08'),
(336, 32, 6, 'Odin\'s Court', '00:02:42'),
(337, 32, 7, 'Valhalla', '00:04:41'),
(338, 32, 8, 'Feels Good to Me', '00:05:44'),
(339, 32, 9, 'Heaven in Black', '00:04:05'),
(340, 33, 1, 'Computer God', '00:06:10'),
(341, 33, 2, 'After All (The Dead)', '00:05:37'),
(342, 33, 3, 'TV Crimes', '00:03:58'),
(343, 33, 4, 'Letters from Earth', '00:04:12'),
(344, 33, 5, 'Master of Insanity', '00:05:54'),
(345, 33, 6, 'Time Machine', '00:04:10'),
(346, 33, 7, 'Sins of the Father', '00:04:43'),
(347, 33, 8, 'Too Late', '00:06:54'),
(348, 33, 9, 'I', '00:05:10'),
(349, 33, 10, 'Buried Alive', '00:04:47'),
(350, 34, 1, 'I Witness', '00:04:56'),
(351, 34, 2, 'Cross of Thorns', '00:04:32'),
(352, 34, 3, 'Psychophobia', '00:03:16'),
(353, 34, 4, 'Virtual Death', '00:05:49'),
(354, 34, 5, 'Immaculate Deception', '00:04:15'),
(355, 34, 6, 'Dying for Love', '00:05:53'),
(356, 34, 7, 'Back to Eden', '00:03:57'),
(357, 34, 8, 'The Hand That Rocks the Cradle', '00:04:31'),
(358, 34, 9, 'Cardinal Sin', '00:04:20'),
(359, 34, 10, 'Evil Eye', '00:05:58'),
(360, 35, 1, 'The Illusion of Power', '00:04:51'),
(361, 35, 2, 'Get a Grip', '00:03:58'),
(362, 35, 3, 'Can\'t Get Close Enough', '00:04:27'),
(363, 35, 4, 'Shaking Off the Chains', '00:04:02'),
(364, 35, 5, 'I Won\'t Cry for You', '00:04:47'),
(365, 35, 6, 'Guilty as Hell', '00:03:27'),
(366, 35, 7, 'Sick and Tired', '00:03:29'),
(367, 35, 8, 'Rusty Angels', '00:05:00'),
(368, 35, 9, 'Forbidden', '00:03:47'),
(369, 35, 10, 'Kiss of Death', '00:06:06'),
(370, 36, 1, 'End of the Beginning', '00:08:05'),
(371, 36, 2, 'God Is Dead?', '00:08:52'),
(372, 36, 3, 'Loner', '00:04:59'),
(373, 36, 4, 'Zeitgeist', '00:04:37'),
(374, 36, 5, 'Age of Reason', '00:07:01'),
(375, 36, 6, 'Live Forever', '00:04:46'),
(376, 36, 7, 'Damaged Soul', '00:07:51'),
(377, 36, 8, 'Dear Father', '00:07:20'),
(378, 37, 1, 'And the Address (instrumental)', '00:04:38'),
(379, 37, 2, 'Hush', '00:04:24'),
(380, 37, 3, 'One More Rainy Day', '00:03:40'),
(381, 37, 4, 'Prelude: Happiness/I\'m So Glad', '00:07:19'),
(382, 37, 5, 'Mandrake Root', '00:06:09'),
(383, 37, 6, 'Help!', '00:06:01'),
(384, 37, 7, 'Love Help Me', '00:03:49'),
(385, 37, 8, 'Hey Joe', '00:07:33'),
(386, 38, 1, 'Listen, Learn, Read On', '00:04:05'),
(387, 38, 2, 'Wring That Neck', '00:05:13'),
(388, 38, 3, 'Kentucky Woman', '00:04:44'),
(389, 38, 4, 'Exposition/We Can Work It Out', '00:07:06'),
(390, 38, 5, 'Shield', '00:06:06'),
(391, 38, 6, 'Anthem', '00:06:31'),
(392, 38, 7, 'River Deep, Mountain High', '00:10:12'),
(393, 39, 1, 'Chasing Shadows', '00:05:34'),
(394, 39, 2, 'Blind', '00:05:26'),
(395, 39, 3, 'Lalena', '00:05:05'),
(396, 39, 4, 'Fault Line', '00:01:46'),
(397, 39, 5, 'The Painter', '00:03:51'),
(398, 39, 6, 'Why Didn\'t Rosemary?', '00:05:04'),
(399, 39, 7, 'Bird Has Flown', '00:05:36'),
(400, 39, 8, 'April', '00:12:10'),
(401, 40, 1, 'Speed King', '00:05:54'),
(402, 40, 2, 'Bloodsucker', '00:04:16'),
(403, 40, 3, 'Child in Time', '00:10:20'),
(404, 40, 4, 'Speed King', '00:05:54'),
(405, 40, 5, 'Bloodsucker', '00:04:16'),
(406, 40, 6, 'Child in Time', '00:10:20'),
(407, 41, 1, 'Fireball', '00:03:25'),
(408, 41, 2, 'No No No', '00:06:54'),
(409, 41, 3, 'Demon\'s Eye', '00:05:19'),
(410, 41, 4, 'Anyone\'s Daughter', '00:04:43'),
(411, 41, 5, 'The Mule', '00:05:23'),
(412, 41, 6, 'Fools', '00:08:21'),
(413, 41, 7, 'No One Came', '00:06:28'),
(414, 42, 1, 'Highway Star', '00:06:05'),
(415, 42, 2, 'Maybe I\'m a Leo', '00:04:51'),
(416, 42, 3, 'Pictures of Home', '00:05:03'),
(417, 42, 4, 'Never Before', '00:03:56'),
(418, 42, 5, 'Smoke on the Water', '00:05:40'),
(419, 42, 6, 'Lazy', '00:07:19'),
(420, 42, 7, 'Space Truckin\'', '00:04:31'),
(421, 43, 1, 'Woman from Tokyo', '00:05:48'),
(422, 43, 2, 'Mary Long', '00:04:23'),
(423, 43, 3, 'Super Trouper', '00:02:54'),
(424, 43, 4, 'Smooth Dancer', '00:04:08'),
(425, 43, 5, 'Rat Bat Blue', '00:05:23'),
(426, 43, 6, 'Place in Line', '00:06:29'),
(427, 43, 7, 'Our Lady', '00:05:12'),
(428, 44, 1, 'Burn', '00:06:00'),
(429, 44, 2, 'Might Just Take Your Life', '00:04:36'),
(430, 44, 3, 'Lay Down, Stay Down', '00:04:15'),
(431, 44, 4, 'Sail Away', '00:05:48'),
(432, 44, 5, 'You Fool No One', '00:04:47'),
(433, 44, 6, 'What\'s Goin\' On Here', '00:04:55'),
(434, 44, 7, 'Mistreated', '00:07:25'),
(435, 44, 8, '\'A\' 200', '00:03:51'),
(436, 45, 1, 'Stormbringer', '00:04:03'),
(437, 45, 2, 'Love Don\'t Mean a Thing', '00:04:23'),
(438, 45, 3, 'Holy Man', '00:04:28'),
(439, 45, 4, 'Hold On', '00:05:05'),
(440, 45, 5, 'Lady Double Dealer', '00:03:19'),
(441, 45, 6, 'You Can\'t Do It Right (With the One You Love)', '00:03:24'),
(442, 45, 7, 'High Ball Shooter', '00:04:26'),
(443, 45, 8, 'The Gypsy', '00:04:05'),
(444, 45, 9, 'Soldier of Fortune', '00:03:14'),
(445, 46, 1, 'Comin\' Home', '00:03:55'),
(446, 46, 2, 'Lady Luck', '00:02:48'),
(447, 46, 3, 'Gettin\' Tighter', '00:03:37'),
(448, 46, 4, 'Dealer', '00:03:50'),
(449, 46, 5, 'I Need Love', '00:04:23'),
(450, 46, 6, 'Drifter', '00:04:02'),
(451, 46, 7, 'Love Child', '00:03:08'),
(452, 46, 8, 'This Time Around / Owed to \'G\'', '00:06:10'),
(453, 46, 9, 'You Keep On Moving', '00:05:19'),
(454, 47, 1, 'Knocking at Your Back Door', '00:07:09'),
(455, 47, 2, 'Under the Gun', '00:04:40'),
(456, 47, 3, 'Nobody\'s Home', '00:04:01'),
(457, 47, 4, 'Mean Streak', '00:04:26'),
(458, 47, 5, 'Perfect Strangers', '00:05:31'),
(459, 47, 6, 'A Gypsy\'s Kiss', '00:04:14'),
(460, 47, 7, 'Wasted Sunsets', '00:03:58'),
(461, 47, 8, 'Hungry Daze', '00:05:01'),
(462, 48, 1, 'Bad Attitude', '00:05:04'),
(463, 48, 2, 'The Unwritten Law', '00:04:54'),
(464, 48, 3, 'Call of the Wild', '00:04:48'),
(465, 48, 4, 'Mad Dog', '00:04:36'),
(466, 48, 5, 'Black & White', '00:04:39'),
(467, 48, 6, 'Hard Lovin\' Woman', '00:03:25'),
(468, 48, 7, 'The Spanish Archer', '00:05:31'),
(469, 48, 8, 'Strangeways', '00:07:36'),
(470, 48, 9, 'Mitzi Dupree', '00:05:05'),
(471, 48, 10, 'Dead or Alive', '00:05:00'),
(472, 49, 1, 'King of Dreams', '00:05:26'),
(473, 49, 2, 'The Cut Runs Deep', '00:05:42'),
(474, 49, 3, 'Fire in the Basement', '00:04:43'),
(475, 49, 4, 'Truth Hurts', '00:05:14'),
(476, 49, 5, 'Breakfast in Bed', '00:05:17'),
(477, 49, 6, 'Love Conquers All', '00:03:47'),
(478, 49, 7, 'Fortuneteller', '00:05:49'),
(479, 49, 8, 'Too Much Is Not Enough', '00:04:17'),
(480, 49, 9, 'Wicked Ways', '00:06:33'),
(481, 50, 1, 'The Battle Rages On', '00:05:56'),
(482, 50, 2, 'Lick It Up', '00:03:59'),
(483, 50, 3, 'Anya', '00:06:32'),
(484, 50, 4, 'Talk About Love', '00:04:11'),
(485, 50, 5, 'Time to Kill', '00:05:49'),
(486, 50, 6, 'Ramshackle Man', '00:05:34'),
(487, 50, 7, 'A Twist in the Tale', '00:04:17'),
(488, 50, 8, 'Nasty Piece of Work', '00:04:43'),
(489, 50, 9, 'Solitaire', '00:04:42'),
(490, 50, 10, 'One Man\'s Meat', '00:04:38'),
(491, 51, 1, 'Vavoom: Ted the Mechanic', '00:04:16'),
(492, 51, 2, 'Loosen My Strings', '00:05:57'),
(493, 51, 3, 'Soon Forgotten', '00:04:47'),
(494, 51, 4, 'Sometimes I Feel Like Screaming', '00:07:29'),
(495, 51, 5, 'Cascades: I\'m Not Your Lover', '00:04:43'),
(496, 51, 6, 'The Aviator', '00:05:20'),
(497, 51, 7, 'Rosa\'s Cantina', '00:05:10'),
(498, 51, 8, 'A Castle Full of Rascals', '00:05:11'),
(499, 51, 9, 'A Touch Away', '00:04:36'),
(500, 51, 10, 'Hey Cisco', '00:05:53'),
(501, 51, 11, 'Somebody Stole My Guitar', '00:04:09'),
(502, 51, 12, 'The Purpendicular Waltz', '00:04:45'),
(503, 52, 1, 'Any Fule Kno That', '00:04:29'),
(504, 52, 2, 'Almost Human', '00:04:26'),
(505, 52, 3, 'Don\'t Make Me Happy', '00:04:56'),
(506, 52, 4, 'Seventh Heaven', '00:05:25'),
(507, 52, 5, 'Watching the Sky', '00:05:26'),
(508, 52, 6, 'Fingers to the Bone', '00:04:47'),
(509, 52, 7, 'Jack Ruby', '00:03:48'),
(510, 52, 8, 'She Was', '00:04:19'),
(511, 52, 9, 'Whatsername', '00:04:26'),
(512, 52, 10, '\'69', '00:04:59'),
(513, 52, 11, 'Evil Louie', '00:04:56'),
(514, 52, 12, 'Bludsucker', '00:04:27'),
(515, 53, 1, 'House of Pain', '00:03:34'),
(516, 53, 2, 'Sun Goes Down', '00:04:10'),
(517, 53, 3, 'Haunted', '00:04:22'),
(518, 53, 4, 'Razzle Dazzle', '00:03:28'),
(519, 53, 5, 'Silver Tongue', '00:04:03'),
(520, 53, 6, 'Walk On', '00:07:04'),
(521, 53, 7, 'Picture of Innocence', '00:05:11'),
(522, 53, 8, 'I Got Your Number', '00:06:01'),
(523, 53, 9, 'Never a Word', '00:03:46'),
(524, 53, 10, 'Bananas', '00:04:51'),
(525, 53, 11, 'Doing It Tonight', '00:03:28'),
(526, 53, 12, 'Contact Lost', '00:01:27'),
(527, 54, 1, 'Money Talks', '00:05:31'),
(528, 54, 2, 'Girls Like That', '00:04:02'),
(529, 54, 3, 'Wrong Man', '00:04:53'),
(530, 54, 4, 'Rapture of the Deep', '00:05:58'),
(531, 54, 5, 'Clearly Quite Absurd', '00:05:25'),
(532, 54, 6, 'Don\'t Let Go', '00:04:32'),
(533, 54, 7, 'Back to Back', '00:04:03'),
(534, 54, 8, 'Kiss Tomorrow Goodbye', '00:04:18'),
(535, 54, 9, 'Junkyard Blues', '00:05:32'),
(536, 54, 10, 'Before Time Began', '00:06:30'),
(537, 55, 1, 'A Simple Song', '00:04:39'),
(538, 55, 2, 'Weirdistan', '00:04:14'),
(539, 55, 3, 'Out of Hand', '00:06:09'),
(540, 55, 4, 'Hell to Pay', '00:05:10'),
(541, 55, 5, 'Body Line', '00:04:26'),
(542, 55, 6, 'Above and Beyond', '00:05:30'),
(543, 55, 7, 'Blood from a Stone', '00:05:18'),
(544, 55, 8, 'Uncommon Man', '00:07:02'),
(545, 55, 9, 'Après Vous', '00:05:24'),
(546, 55, 10, 'All the Time in the World', '00:04:21'),
(547, 55, 11, 'Vincent Price', '00:04:46'),
(548, 56, 1, 'Time for Bedlam', '00:04:35'),
(549, 56, 2, 'Hip Boots', '00:03:23'),
(550, 56, 3, 'All I Got is You', '00:04:42'),
(551, 56, 4, 'One Night in Vegas', '00:03:23'),
(552, 56, 5, 'Get Me Outta Here', '00:03:58'),
(553, 56, 6, 'The Surprising', '00:05:57'),
(554, 56, 7, 'Johnny\'s Band', '00:03:51'),
(555, 56, 8, 'On Top of the World', '00:04:01'),
(556, 56, 9, 'Birds of Prey', '00:05:47'),
(557, 56, 10, 'Roadhouse Blues', '00:06:00'),
(558, 57, 1, 'Throw My Bones', '00:03:38'),
(559, 57, 2, 'Drop the Weapon', '00:04:23'),
(560, 57, 3, 'We\'re All the Same in the Dark', '00:03:44'),
(561, 57, 4, 'Nothing at All', '00:04:42'),
(562, 57, 5, 'No Need to Shout', '00:03:30'),
(563, 57, 6, 'Step by Step', '00:03:34'),
(564, 57, 7, 'What the What', '00:03:32'),
(565, 57, 8, 'The Long Way Round', '00:05:39'),
(566, 57, 9, 'The Power of the Moon', '00:04:08'),
(567, 57, 10, 'Remission Possible', '00:01:38'),
(568, 57, 11, 'Man Alive', '00:05:35'),
(569, 57, 12, 'And the Address', '00:03:35'),
(570, 57, 13, 'Dancing in My Sleep', '00:03:51'),
(571, 58, 1, '7 and 7 Is', '00:02:28'),
(572, 58, 2, 'Rockin\' Pneumonia and the Boogie Woogie Flu', '00:03:15'),
(573, 58, 3, 'Oh Well', '00:04:21'),
(574, 58, 4, 'Jenny Take a Ride!', '00:04:36'),
(575, 58, 5, 'Watching the River Flow', '00:03:02'),
(576, 58, 6, 'Let the Good Times Roll', '00:04:22'),
(577, 58, 7, 'Dixie Chicken', '00:04:43'),
(578, 58, 8, 'Shapes of Things', '00:03:40'),
(579, 58, 9, 'The Battle of New Orleans', '00:02:51'),
(580, 58, 10, 'Lucifer', '00:03:45'),
(581, 58, 11, 'White Room', '00:04:53'),
(582, 58, 12, 'Caught in the Act', '00:07:49'),
(583, 59, 1, 'Welcome to the Jungle', '00:04:31'),
(584, 59, 2, 'It\'s So Easy', '00:03:21'),
(585, 59, 3, 'Nightrain', '00:04:26'),
(586, 59, 4, 'Out ta Get Me', '00:04:20'),
(587, 59, 5, 'Mr. Brownstone', '00:03:46'),
(588, 59, 6, 'Paradise City', '00:06:46'),
(589, 59, 7, 'My Michelle', '00:03:39'),
(590, 59, 8, 'Think About You', '00:03:50'),
(591, 59, 9, 'Sweet Child o\' Mine', '00:05:55'),
(592, 59, 10, 'You\'re Crazy', '00:03:16'),
(593, 59, 11, 'Anything Goes', '00:03:25'),
(594, 59, 12, 'Rocket Queen', '00:06:13'),
(595, 60, 1, 'Reckless Life', '00:03:23'),
(596, 60, 2, 'Nice Boys', '00:03:01'),
(597, 60, 3, 'Move to the City', '00:03:42'),
(598, 60, 4, 'Mama Kin', '00:03:57'),
(599, 60, 5, 'Patience', '00:05:56'),
(600, 60, 6, 'Used to Love Her', '00:03:13'),
(601, 60, 7, 'You\'re Crazy', '00:04:10'),
(602, 60, 8, 'One in a Million', '00:06:09'),
(603, 61, 1, 'Right Next Door to Hell', '00:03:02'),
(604, 61, 2, 'Dust N\' Bones', '00:04:58'),
(605, 61, 3, 'Live and Let Die', '00:03:04'),
(606, 61, 4, 'Don\'t Cry (Original)', '00:04:44'),
(607, 61, 5, 'Perfect Crime', '00:02:23'),
(608, 61, 6, 'You Ain\'t the First', '00:02:36'),
(609, 61, 7, 'Bad Obsession', '00:05:28'),
(610, 61, 8, 'Back Off Bitch', '00:05:03'),
(611, 61, 9, 'Double Talkin\' Jive', '00:03:23'),
(612, 61, 10, 'November Rain', '00:08:57'),
(613, 61, 11, 'The Garden', '00:05:22'),
(614, 61, 12, 'Garden of Eden', '00:02:41'),
(615, 61, 13, 'Don\'t Damn Me', '00:05:18'),
(616, 61, 14, 'Bad Apples', '00:04:28'),
(617, 61, 15, 'Dead Horse', '00:04:17'),
(618, 61, 16, 'Coma', '00:10:13'),
(619, 62, 1, 'Civil War', '00:07:42'),
(620, 62, 2, '14 Years', '00:04:21'),
(621, 62, 3, 'Yesterdays', '00:03:14'),
(622, 62, 4, 'Knockin\' on Heaven\'s Door', '00:05:36'),
(623, 62, 5, 'Get in the Ring', '00:05:42'),
(624, 62, 6, 'Shotgun Blues', '00:03:26'),
(625, 62, 7, 'Breakdown', '00:07:04'),
(626, 62, 8, 'Pretty Tied Up', '00:04:48'),
(627, 62, 9, 'Locomotive', '00:08:42'),
(628, 62, 10, 'So Fine', '00:04:08'),
(629, 62, 11, 'Estranged', '00:09:23'),
(630, 62, 12, 'You Could Be Mine', '00:05:43'),
(631, 62, 13, 'Don\'t Cry (Alternate)', '00:04:45'),
(632, 62, 14, 'My World', '00:01:24'),
(633, 63, 1, 'Since I Don\'t Have You', '00:04:20'),
(634, 63, 2, 'New Rose', '00:02:38'),
(635, 63, 3, 'Down on the Farm', '00:03:29'),
(636, 63, 4, 'Human Being', '00:06:48'),
(637, 63, 5, 'Raw Power', '00:03:12'),
(638, 63, 6, 'Ain\'t It Fun', '00:05:06'),
(639, 63, 7, 'Buick Makane (Big Dumb Sex)', '00:02:40'),
(640, 63, 8, 'Hair of the Dog', '00:03:55'),
(641, 63, 9, 'Attitude', '00:01:27'),
(642, 63, 10, 'Black Leather', '00:04:09'),
(643, 63, 11, 'You Can\'t Put Your Arms Around a Memory', '00:03:35'),
(644, 63, 12, 'I Don\'t Care About You', '00:04:51'),
(645, 63, 13, 'Look at Your Game, Girl', '00:02:34'),
(646, 64, 1, 'Chinese Democracy', '00:04:43'),
(647, 64, 2, 'Shackler\'s Revenge', '00:03:37'),
(648, 64, 3, 'Better', '00:04:58'),
(649, 64, 4, 'Street of Dreams', '00:04:46'),
(650, 64, 5, 'If the World', '00:04:54'),
(651, 64, 6, 'There Was a Time', '00:06:41'),
(652, 64, 7, 'Catcher in the Rye', '00:05:53'),
(653, 64, 8, 'Scraped', '00:03:30'),
(654, 64, 9, 'Riad N\' the Bedouins', '00:04:10'),
(655, 64, 10, 'Sorry', '00:06:14'),
(656, 64, 11, 'I.R.S.', '00:04:28'),
(657, 64, 12, 'Madagascar', '00:05:38'),
(658, 64, 13, 'This I Love', '00:05:34'),
(659, 64, 14, 'Prostitute', '00:06:15'),
(660, 65, 1, 'Prowler', '00:03:56'),
(661, 65, 2, 'Remember Tomorrow', '00:05:30'),
(662, 65, 3, 'Running Free', '00:03:22'),
(663, 65, 4, 'Phantom of the Opera', '00:07:02'),
(664, 65, 5, 'Transylvania', '00:04:09'),
(665, 65, 6, 'Strange World', '00:05:43'),
(666, 65, 7, 'Charlotte the Harlot', '00:04:14'),
(667, 65, 8, 'Iron Maiden', '00:03:43'),
(668, 66, 1, 'The Ides of March', '00:01:48'),
(669, 66, 2, 'Wrathchild', '00:02:54'),
(670, 66, 3, 'Murders in the Rue Morgue', '00:04:14'),
(671, 66, 4, 'Another Life', '00:03:22'),
(672, 66, 5, 'Genghis Khan', '00:03:02'),
(673, 66, 6, 'Innocent Exile', '00:03:50'),
(674, 66, 7, 'Killers', '00:04:58'),
(675, 66, 8, 'Prodigal Son', '00:06:05'),
(676, 66, 9, 'Purgatory', '00:03:18'),
(677, 66, 10, 'Drifter', '00:04:47'),
(678, 67, 1, 'Invaders', '00:03:20'),
(679, 67, 2, 'Children of the Damned', '00:04:34'),
(680, 67, 3, 'The Prisoner', '00:05:34'),
(681, 67, 4, '22 Acacia Avenue', '00:06:34'),
(682, 67, 5, 'The Number of the Beast', '00:04:25'),
(683, 67, 6, 'Run to the Hills', '00:03:50'),
(684, 67, 7, 'Gangland', '00:03:46'),
(685, 67, 8, 'Hallowed Be Thy Name', '00:07:08'),
(686, 68, 1, 'Where Eagles Dare', '00:06:08'),
(687, 68, 2, 'Revelations', '00:06:51'),
(688, 68, 3, 'Flight of Icarus', '00:03:49'),
(689, 68, 4, 'Die with Your Boots On', '00:05:22'),
(690, 68, 5, 'The Trooper', '00:04:10'),
(691, 68, 6, 'Still Life', '00:04:37'),
(692, 68, 7, 'Quest for Fire', '00:03:40'),
(693, 68, 8, 'Sun and Steel', '00:03:25'),
(694, 68, 9, 'To Tame a Land', '00:07:26'),
(695, 69, 1, 'Aces High', '00:04:31'),
(696, 69, 2, '2 Minutes to Midnight', '00:06:04'),
(697, 69, 3, 'Losfer Words (Big \'Orra) (instrumental)', '00:04:15'),
(698, 69, 4, 'Flash of the Blade', '00:04:05'),
(699, 69, 5, 'The Duellists', '00:06:18'),
(700, 69, 6, 'Back in the Village', '00:05:02'),
(701, 69, 7, 'Powerslave', '00:07:12'),
(702, 69, 8, 'Rime of the Ancient Mariner', '00:13:45'),
(703, 70, 1, 'Caught Somewhere in Time', '00:07:22'),
(704, 70, 2, 'Wasted Years', '00:05:06'),
(705, 70, 3, 'Sea of Madness', '00:05:42'),
(706, 70, 4, 'Heaven Can Wait', '00:07:24'),
(707, 70, 5, 'The Loneliness of the Long Distance Runner', '00:06:31'),
(708, 70, 6, 'Stranger in a Strange Land', '00:05:43'),
(709, 70, 7, 'Deja-Vu', '00:04:55'),
(710, 70, 8, 'Alexander the Great', '00:08:35'),
(711, 71, 1, 'Moonchild', '00:05:38'),
(712, 71, 2, 'Infinite Dreams', '00:06:08'),
(713, 71, 3, 'Can I Play with Madness', '00:03:30'),
(714, 71, 4, 'The Evil That Men Do', '00:04:33'),
(715, 71, 5, 'Seventh Son of a Seventh Son', '00:09:52'),
(716, 71, 6, 'The Prophecy', '00:05:04'),
(717, 71, 7, 'The Clairvoyant', '00:04:26'),
(718, 71, 8, 'Only the Good Die Young', '00:04:40'),
(719, 72, 1, 'Tailgunner', '00:04:13'),
(720, 72, 2, 'Holy Smoke', '00:03:47'),
(721, 72, 3, 'No Prayer for the Dying', '00:04:22'),
(722, 72, 4, 'Public Enema Number One', '00:04:03'),
(723, 72, 5, 'Fates Warning', '00:04:09'),
(724, 72, 6, 'The Assassin', '00:04:16'),
(725, 72, 7, 'Run Silent Run Deep', '00:04:34'),
(726, 72, 8, 'Hooks in You', '00:04:06'),
(727, 72, 9, 'Bring Your Daughter... to the Slaughter', '00:04:42'),
(728, 72, 10, 'Mother Russia', '00:05:30'),
(729, 73, 1, 'Be Quick or Be Dead', '00:03:21'),
(730, 73, 2, 'From Here to Eternity', '00:03:35'),
(731, 73, 3, 'Afraid to Shoot Strangers', '00:06:52'),
(732, 73, 4, 'Fear Is the Key', '00:05:30'),
(733, 73, 5, 'Childhood\'s End', '00:04:37'),
(734, 73, 6, 'Wasting Love', '00:05:46'),
(735, 73, 7, 'The Fugitive', '00:04:52'),
(736, 73, 8, 'Chains of Misery', '00:03:33'),
(737, 73, 9, 'The Apparition', '00:03:53'),
(738, 73, 10, 'Judas Be My Guide', '00:03:06'),
(739, 73, 11, 'Weekend Warrior', '00:05:37'),
(740, 73, 12, 'Fear of the Dark', '00:07:16'),
(741, 74, 1, 'Sign of the Cross', '00:11:16'),
(742, 74, 2, 'Lord of the Flies', '00:05:02'),
(743, 74, 3, 'Man on the Edge', '00:04:10'),
(744, 74, 4, 'Fortunes of War', '00:07:25'),
(745, 74, 5, 'Look for the Truth', '00:05:10'),
(746, 74, 6, 'The Aftermath', '00:06:20'),
(747, 74, 7, 'Judgement of Heaven', '00:05:10'),
(748, 74, 8, 'Blood on the World\'s Hands', '00:06:00'),
(749, 74, 9, 'The Edge of Darkness', '00:06:39'),
(750, 74, 10, '2 A.M.', '00:05:37'),
(751, 74, 11, 'The Unbeliever', '00:08:05'),
(752, 75, 1, 'Futureal', '00:03:00'),
(753, 75, 2, 'The Angel and the Gambler', '00:09:51'),
(754, 75, 3, 'Lightning Strikes Twice', '00:04:49'),
(755, 75, 4, 'The Clansman', '00:09:06'),
(756, 75, 5, 'When Two Worlds Collide', '00:06:13'),
(757, 75, 6, 'The Educated Fool', '00:06:46'),
(758, 75, 7, 'Don\'t Look to the Eyes of a Stranger', '00:08:11'),
(759, 75, 8, 'Como Estais Amigos', '00:05:26'),
(760, 76, 1, 'The Wicker Man', '00:04:35'),
(761, 76, 2, 'Ghost of the Navigator', '00:06:50'),
(762, 76, 3, 'Brave New World', '00:06:18'),
(763, 76, 4, 'Blood Brothers', '00:07:14'),
(764, 76, 5, 'The Mercenary', '00:04:42'),
(765, 76, 6, 'Dream of Mirrors', '00:09:21'),
(766, 76, 7, 'The Fallen Angel', '00:04:00'),
(767, 76, 8, 'The Nomad', '00:09:06'),
(768, 76, 9, 'Out of the Silent Planet', '00:06:25'),
(769, 76, 10, 'The Thin Line Between Love and Hate', '00:08:26'),
(770, 77, 1, 'Wildest Dreams', '00:03:52'),
(771, 77, 2, 'Rainmaker', '00:03:48'),
(772, 77, 3, 'No More Lies', '00:07:21'),
(773, 77, 4, 'Montségur', '00:05:50'),
(774, 77, 5, 'Dance of Death', '00:08:36'),
(775, 77, 6, 'Gates of Tomorrow', '00:05:12'),
(776, 77, 7, 'New Frontier', '00:05:04'),
(777, 77, 8, 'Paschendale', '00:08:27'),
(778, 77, 9, 'Face in the Sand', '00:06:31'),
(779, 77, 10, 'Age of Innocence', '00:06:10'),
(780, 77, 11, 'Journeyman', '00:07:06'),
(781, 78, 1, 'Different World', '00:04:17'),
(782, 78, 2, 'These Colours Don\'t Run', '00:06:52'),
(783, 78, 3, 'Brighter than a Thousand Suns', '00:08:44'),
(784, 78, 4, 'The Pilgrim', '00:05:07'),
(785, 78, 5, 'The Longest Day', '00:07:48'),
(786, 78, 6, 'Out of the Shadows', '00:05:36'),
(787, 78, 7, 'The Reincarnation of Benjamin Breeg', '00:07:21'),
(788, 78, 8, 'For the Greater Good of God', '00:09:23'),
(789, 78, 9, 'Lord of Light', '00:07:25'),
(790, 78, 10, 'The Legacy', '00:09:20'),
(791, 79, 1, 'Satellite 15... The Final Frontier', '00:08:40'),
(792, 79, 2, 'El Dorado', '00:06:49'),
(793, 79, 3, 'Mother of Mercy', '00:05:20'),
(794, 79, 4, 'Coming Home', '00:05:52'),
(795, 79, 5, 'The Alchemist', '00:04:29'),
(796, 79, 6, 'Isle of Avalon', '00:09:06'),
(797, 79, 7, 'Starblind', '00:07:48'),
(798, 79, 8, 'The Talisman', '00:09:03'),
(799, 79, 9, 'The Man Who Would Be King', '00:08:28'),
(800, 79, 10, 'When the Wild Wind Blows', '00:10:59'),
(801, 80, 1, 'If Eternity Should Fail', '00:08:28'),
(802, 80, 2, 'Speed of Light', '00:05:01'),
(803, 80, 3, 'The Great Unknown', '00:06:37'),
(804, 80, 4, 'The Red and the Black', '00:13:33'),
(805, 80, 5, 'When the River Runs Deep', '00:05:52'),
(806, 80, 6, 'The Book of Souls', '00:10:27'),
(807, 80, 7, 'Death or Glory', '00:05:13'),
(808, 80, 8, 'Shadows of the Valley', '00:07:32'),
(809, 80, 9, 'Tears of a Clown', '00:04:59'),
(810, 80, 10, 'The Man of Sorrows', '00:06:28'),
(811, 80, 11, 'Empire of the Clouds', '00:18:01'),
(812, 81, 1, 'Senjutsu', '00:08:20'),
(813, 81, 2, 'Stratego', '00:04:59'),
(814, 81, 3, 'The Writing on the Wall', '00:06:13'),
(815, 81, 4, 'Lost in a Lost World', '00:09:31'),
(816, 81, 5, 'Days of Future Past', '00:04:03'),
(817, 81, 6, 'The Time Machine', '00:07:09'),
(818, 81, 7, 'Darkest Hour', '00:07:20'),
(819, 81, 8, 'Death of the Celts', '00:10:20'),
(820, 81, 9, 'The Parchment', '00:12:39'),
(821, 81, 10, 'Hell on Earth', '00:11:19'),
(822, 82, 1, 'Blind', '00:04:19'),
(823, 82, 2, 'Ball Tongue', '00:04:30'),
(824, 82, 3, 'Need To', '00:04:02'),
(825, 82, 4, 'Clown', '00:04:35'),
(826, 82, 5, 'Divine', '00:02:52'),
(827, 82, 6, 'Faget', '00:05:50'),
(828, 82, 7, 'Shoots and Ladders', '00:05:22'),
(829, 82, 8, 'Predictable', '00:04:32'),
(830, 82, 9, 'Fake', '00:04:51'),
(831, 82, 10, 'Lies', '00:03:22'),
(832, 82, 11, 'Helmet in the Bush', '00:04:02'),
(833, 82, 12, 'Daddy', '00:17:31'),
(834, 83, 1, 'Twist', '00:00:49'),
(835, 83, 2, 'Chi', '00:03:54'),
(836, 83, 3, 'Lost', '00:02:55'),
(837, 83, 4, 'Swallow', '00:03:38'),
(838, 83, 5, 'Porno Creep', '00:02:01'),
(839, 83, 6, 'Good God', '00:03:20'),
(840, 83, 7, 'Mr. Rogers', '00:05:10'),
(841, 83, 8, 'K@#¿%!', '00:03:02'),
(842, 83, 9, 'No Place to Hide', '00:03:31'),
(843, 83, 10, 'Wicked', '00:03:58'),
(844, 83, 11, 'A.D.I.D.A.S.', '00:02:32'),
(845, 83, 12, 'Lowrider', '00:00:58'),
(846, 83, 13, 'Ass Itch', '00:03:39'),
(847, 83, 14, 'Kill You', '00:08:37'),
(848, 84, 1, 'It\'s On!', '00:04:28'),
(849, 84, 2, 'Freak on a Leash', '00:04:15'),
(850, 84, 3, 'Got the Life', '00:03:45'),
(851, 84, 4, 'Dead Bodies Everywhere', '00:04:44'),
(852, 84, 5, 'Children of the Korn', '00:03:52'),
(853, 84, 6, 'B.B.K.', '00:03:56'),
(854, 84, 7, 'Pretty', '00:04:12'),
(855, 84, 8, 'All in the Family', '00:04:48'),
(856, 84, 9, 'Reclaim My Place', '00:04:32'),
(857, 84, 10, 'Justin', '00:04:17'),
(858, 84, 11, 'Seed', '00:05:54'),
(859, 84, 12, 'Cameltosis', '00:04:38'),
(860, 84, 13, 'My Gift to You', '00:15:40'),
(861, 85, 1, 'Dead', '00:01:12'),
(862, 85, 2, 'Falling Away from Me', '00:04:29'),
(863, 85, 3, 'Trash', '00:03:27'),
(864, 85, 4, '4 U', '00:01:42'),
(865, 85, 5, 'Beg for Me', '00:03:53'),
(866, 85, 6, 'Make Me Bad', '00:03:55'),
(867, 85, 7, 'It\'s Gonna Go Away', '00:01:29'),
(868, 85, 8, 'Wake Up', '00:04:07'),
(869, 85, 9, 'Am I Going Crazy', '00:01:00'),
(870, 85, 10, 'Hey Daddy', '00:03:44'),
(871, 85, 11, 'Somebody Someone', '00:03:47'),
(872, 85, 12, 'No Way', '00:04:07'),
(873, 85, 13, 'Let\'s Get This Party Started', '00:03:41'),
(874, 85, 14, 'Wish You Could Be Me', '00:01:07'),
(875, 85, 15, 'Counting', '00:03:37'),
(876, 85, 16, 'Dirty', '00:07:50'),
(877, 86, 1, 'Here to Stay', '00:04:31'),
(878, 86, 2, 'Make Believe', '00:04:37'),
(879, 86, 3, 'Blame', '00:03:51'),
(880, 86, 4, 'Hollow Life', '00:04:09'),
(881, 86, 5, 'Bottled Up Inside', '00:04:00'),
(882, 86, 6, 'Thoughtless', '00:04:32'),
(883, 86, 7, 'Hating', '00:05:10'),
(884, 86, 8, 'One More Time', '00:04:39'),
(885, 86, 9, 'Alone I Break', '00:04:16'),
(886, 86, 10, 'Embrace', '00:04:27'),
(887, 86, 11, 'Beat It Upright', '00:04:15'),
(888, 86, 12, 'Wake Up Hate', '00:03:12'),
(889, 86, 13, 'I\'m Hiding', '00:03:57'),
(890, 86, 14, 'No One\'s There', '00:09:24'),
(891, 87, 1, 'Right Now', '00:03:10'),
(892, 87, 2, 'Break Some Off', '00:02:35'),
(893, 87, 3, 'Counting on Me', '00:04:49'),
(894, 87, 4, 'Here It Comes Again', '00:03:33'),
(895, 87, 5, 'Deep Inside', '00:02:46'),
(896, 87, 6, 'Did My Time', '00:04:04'),
(897, 87, 7, 'Everything I\'ve Known', '00:03:34'),
(898, 87, 8, 'Play Me (featuring Nas)', '00:03:21'),
(899, 87, 9, 'Alive', '00:04:29'),
(900, 87, 10, 'Let\'s Do This Now', '00:03:18'),
(901, 87, 11, 'I\'m Done', '00:03:23'),
(902, 87, 12, 'Y\'All Want a Single', '00:03:17'),
(903, 87, 13, 'When Will This End', '00:14:24'),
(904, 88, 1, 'Twisted Transistor', '00:04:12'),
(905, 88, 2, 'Politics', '00:03:16'),
(906, 88, 3, 'Hypocrites', '00:03:49'),
(907, 88, 4, 'Souvenir', '00:03:50'),
(908, 88, 5, '10 or a 2-Way', '00:04:41'),
(909, 88, 6, 'Throw Me Away', '00:04:41'),
(910, 88, 7, 'Love Song', '00:04:18'),
(911, 88, 8, 'Open Up', '00:06:15'),
(912, 88, 9, 'Coming Undone', '00:03:19'),
(913, 88, 10, 'Getting Off', '00:03:25'),
(914, 88, 11, 'Liar', '00:04:14'),
(915, 88, 12, 'For No One', '00:03:37'),
(916, 88, 13, 'Seen It All', '00:06:19'),
(917, 88, 14, 'Tearjerker', '00:05:05'),
(918, 89, 1, 'Intro', '00:01:57'),
(919, 89, 2, 'Starting Over', '00:04:02'),
(920, 89, 3, 'Bitch We Got a Problem', '00:03:22'),
(921, 89, 4, 'Evolution', '00:03:37'),
(922, 89, 5, 'Hold On', '00:03:06'),
(923, 89, 6, 'Kiss', '00:04:10'),
(924, 89, 7, 'Do What They Say', '00:04:17'),
(925, 89, 8, 'Ever Be', '00:04:48'),
(926, 89, 9, 'Love and Luxury', '00:03:00'),
(927, 89, 10, 'Innocent Bystander', '00:03:28'),
(928, 89, 11, 'Killing', '00:03:36'),
(929, 89, 12, 'Hushabye', '00:03:52'),
(930, 89, 13, 'I Will Protect You', '00:05:29'),
(931, 90, 1, 'Uber-time', '00:01:29'),
(932, 90, 2, 'Oildale (Leave Me Alone)', '00:04:43'),
(933, 90, 3, 'Pop a Pill', '00:04:00'),
(934, 90, 4, 'Fear Is a Place to Live', '00:03:09'),
(935, 90, 5, 'Move On', '00:03:48'),
(936, 90, 6, 'Lead the Parade', '00:04:25'),
(937, 90, 7, 'Let the Guilt Go', '00:03:56'),
(938, 90, 8, 'The Past', '00:05:06'),
(939, 90, 9, 'Never Around', '00:05:30'),
(940, 90, 10, 'Are You Ready to Live?', '00:03:59'),
(941, 90, 11, 'Holding All These Lies', '00:04:38'),
(942, 91, 1, 'Chaos Lives in Everything', '00:03:47'),
(943, 91, 2, 'Kill Mercy Within', '00:03:35'),
(944, 91, 3, 'My Wall', '00:02:55'),
(945, 91, 4, 'Narcissistic Cannibal', '00:03:10'),
(946, 91, 5, 'Illuminati', '00:03:16'),
(947, 91, 6, 'Burn the Obedient', '00:02:38'),
(948, 91, 7, 'Sanctuary', '00:03:24'),
(949, 91, 8, 'Let\'s Go', '00:02:40'),
(950, 91, 9, 'Get Up!', '00:03:42'),
(951, 91, 10, 'Way Too Far', '00:03:49'),
(952, 91, 11, 'Bleeding Out', '00:04:49'),
(953, 92, 1, 'Prey for Me', '00:03:38'),
(954, 92, 2, 'Love & Meth', '00:04:04'),
(955, 92, 3, 'What We Do', '00:04:06'),
(956, 92, 4, 'Spike in My Veins', '00:04:25'),
(957, 92, 5, 'Mass Hysteria', '00:04:04'),
(958, 92, 6, 'Paranoid and Aroused', '00:03:35'),
(959, 92, 7, 'Never Never', '00:03:41'),
(960, 92, 8, 'Punishment Time', '00:04:01'),
(961, 92, 9, 'Lullaby for a Sadist', '00:04:19'),
(962, 92, 10, 'Victimized', '00:03:36'),
(963, 92, 11, 'It\'s All Wrong', '00:03:32'),
(964, 93, 1, 'Insane', '00:03:50'),
(965, 93, 2, 'Rotting in Vain', '00:03:33'),
(966, 93, 3, 'Black Is the Soul', '00:04:01'),
(967, 93, 4, 'The Hating', '00:04:22'),
(968, 93, 5, 'A Different World', '00:03:20'),
(969, 93, 6, 'Take Me', '00:03:00'),
(970, 93, 7, 'Everything Falls Apart', '00:04:17'),
(971, 93, 8, 'Die Yet Another Night', '00:04:28'),
(972, 93, 9, 'When You\'re Not There', '00:03:24'),
(973, 93, 10, 'Next in Line', '00:03:28'),
(974, 93, 11, 'Please Come for Me', '00:02:53'),
(975, 94, 1, 'The End Begins', '00:01:31'),
(976, 94, 2, 'Cold', '00:03:46'),
(977, 94, 3, 'You\'ll Never Find Me', '00:03:41'),
(978, 94, 4, 'The Darkness Is Revealing', '00:03:40'),
(979, 94, 5, 'Idiosyncrasy', '00:04:39'),
(980, 94, 6, 'The Seduction of Indulgence', '00:01:43'),
(981, 94, 7, 'Finally Free', '00:03:53'),
(982, 94, 8, 'Can You Hear Me', '00:02:53'),
(983, 94, 9, 'The Ringmaster', '00:03:01'),
(984, 94, 10, 'Gravity of Discomfort', '00:03:35'),
(985, 94, 11, 'H@rd3r', '00:04:47'),
(986, 94, 12, 'This Loss', '00:04:41'),
(987, 94, 13, 'Surrender to Failure', '00:02:21'),
(988, 95, 1, 'Forgotten', '00:03:17'),
(989, 95, 2, 'Let the Dark Do the Rest', '00:03:39'),
(990, 95, 3, 'Start the Healing', '00:03:28'),
(991, 95, 4, 'Lost in the Grandeur', '00:03:50'),
(992, 95, 5, 'Disconnect', '00:03:26'),
(993, 95, 6, 'Hopeless and Beaten', '00:03:59'),
(994, 95, 7, 'Penance to Sorrow', '00:03:20'),
(995, 95, 8, 'My Confession', '00:03:34'),
(996, 95, 9, 'Worst Is on Its Way', '00:04:03'),
(997, 96, 1, 'Good Times Bad Times', '00:02:43'),
(998, 96, 2, 'Babe I\'m Gonna Leave You', '00:06:40'),
(999, 96, 3, 'You Shook Me', '00:06:30'),
(1000, 96, 4, 'Dazed and Confused', '00:06:27'),
(1001, 96, 5, 'Your Time Is Gonna Come', '00:04:41'),
(1002, 96, 6, 'Black Mountain Side', '00:02:06'),
(1003, 96, 7, 'Communication Breakdown', '00:02:26'),
(1004, 96, 8, 'I Can\'t Quit You Baby', '00:04:42'),
(1005, 96, 9, 'How Many More Times', '00:08:28'),
(1006, 97, 1, 'Whole Lotta Love', '00:05:34'),
(1007, 97, 2, 'What Is and What Should Never Be', '00:04:46'),
(1008, 97, 3, 'The Lemon Song', '00:06:20'),
(1009, 97, 4, 'Thank You', '00:04:50'),
(1010, 97, 5, 'Heartbreaker', '00:04:15'),
(1011, 97, 6, 'Living Loving Maid (She\'s Just a Woman)', '00:02:39'),
(1012, 97, 7, 'Ramble On', '00:04:35'),
(1013, 97, 8, 'Moby Dick', '00:04:20'),
(1014, 97, 9, 'Bring It On Home', '00:04:18'),
(1015, 98, 1, 'Immigrant Song', '00:02:26'),
(1016, 98, 2, 'Friends', '00:03:55'),
(1017, 98, 3, 'Celebration Day', '00:03:29'),
(1018, 98, 4, 'Since I\'ve Been Loving You', '00:07:25'),
(1019, 98, 5, 'Out on the Tiles', '00:04:04'),
(1020, 98, 6, 'Gallows Pole', '00:04:58'),
(1021, 98, 7, 'Tangerine', '00:03:12'),
(1022, 98, 8, 'That\'s the Way', '00:05:38'),
(1023, 98, 9, 'Bron-Y-Aur Stomp', '00:04:20'),
(1024, 98, 10, 'Hats Off to (Roy) Harper', '00:03:41'),
(1025, 99, 1, 'Black Dog', '00:04:55'),
(1026, 99, 2, 'Rock and Roll', '00:03:40'),
(1027, 99, 3, 'The Battle of Evermore', '00:05:38'),
(1028, 99, 4, 'Stairway to Heaven', '00:07:55'),
(1029, 99, 5, 'Misty Mountain Hop', '00:04:39'),
(1030, 99, 6, 'Four Sticks', '00:04:49'),
(1031, 99, 7, 'Going to California', '00:03:36'),
(1032, 99, 8, 'When the Levee Breaks', '00:07:08'),
(1033, 100, 1, 'The Song Remains the Same', '00:05:32'),
(1034, 100, 2, 'The Rain Song', '00:07:39'),
(1035, 100, 3, 'Over the Hills and Far Away', '00:04:50'),
(1036, 100, 4, 'The Crunge', '00:03:17'),
(1037, 100, 5, 'Dancing Days', '00:03:43'),
(1038, 100, 6, 'D\'yer Mak\'er', '00:04:23'),
(1039, 100, 7, 'No Quarter', '00:07:00'),
(1040, 100, 8, 'The Ocean', '00:04:31'),
(1041, 101, 1, 'Custard Pie', '00:04:13'),
(1042, 101, 2, 'The Rover', '00:05:36'),
(1043, 101, 3, 'In My Time of Dying', '00:11:04'),
(1044, 101, 4, 'Houses of the Holy', '00:04:01'),
(1045, 101, 5, 'Trampled Under Foot', '00:05:35'),
(1046, 101, 6, 'Kashmir', '00:08:37'),
(1047, 101, 7, 'In the Light', '00:08:44'),
(1048, 101, 8, 'Bron-Yr-Aur', '00:02:06'),
(1049, 101, 9, 'Down by the Seaside', '00:05:14'),
(1050, 101, 10, 'Ten Years Gone', '00:06:31'),
(1051, 101, 11, 'Night Flight', '00:03:36'),
(1052, 101, 12, 'The Wanton Song', '00:04:06'),
(1053, 101, 13, 'Boogie with Stu', '00:03:51'),
(1054, 101, 14, 'Black Country Woman', '00:04:24'),
(1055, 101, 15, 'Sick Again', '00:04:43'),
(1056, 102, 1, 'Achilles Last Stand', '00:10:26'),
(1057, 102, 2, 'For Your Life', '00:06:21'),
(1058, 102, 3, 'Royal Orleans', '00:02:58'),
(1059, 102, 4, 'Nobody\'s Fault but Mine', '00:06:27'),
(1060, 102, 5, 'Candy Store Rock', '00:04:10'),
(1061, 102, 6, 'Hots On for Nowhere', '00:04:42'),
(1062, 102, 7, 'Tea for One', '00:09:27'),
(1063, 103, 1, 'In the Evening', '00:06:48'),
(1064, 103, 2, 'South Bound Saurez', '00:04:11'),
(1065, 103, 3, 'Fool in the Rain', '00:06:08'),
(1066, 103, 4, 'Hot Dog', '00:03:15'),
(1067, 103, 5, 'Carouselambra', '00:10:28'),
(1068, 103, 6, 'All My Love', '00:05:51'),
(1069, 103, 7, 'I\'m Gonna Crawl', '00:05:28'),
(1070, 104, 1, 'Hit the Lights', '00:04:17'),
(1071, 104, 2, 'The Four Horsemen', '00:07:13'),
(1072, 104, 3, 'Motorbreath', '00:03:08'),
(1073, 104, 4, 'Jump in the Fire', '00:04:42'),
(1074, 104, 5, '(Anesthesia)-Pulling Teeth', '00:04:15'),
(1075, 104, 6, 'Whiplash', '00:04:09'),
(1076, 104, 7, 'Phantom Lord', '00:05:02'),
(1077, 104, 8, 'No Remorse', '00:06:27'),
(1078, 104, 9, 'Seek & Destroy', '00:06:56'),
(1079, 104, 10, 'Metal Militia', '00:05:11'),
(1080, 105, 1, 'Fight Fire with Fire', '00:04:44'),
(1081, 105, 2, 'Ride the Lightning', '00:06:37'),
(1082, 105, 3, 'For Whom the Bell Tolls', '00:05:11'),
(1083, 105, 4, 'Fade to Black', '00:06:55'),
(1084, 105, 5, 'Trapped Under Ice', '00:04:04'),
(1085, 105, 6, 'Escape', '00:04:24'),
(1086, 105, 7, 'Creeping Death', '00:06:36'),
(1087, 105, 8, 'The Call of Ktulu', '00:08:55'),
(1088, 106, 1, 'Battery', '00:05:13'),
(1089, 106, 2, 'Master of Puppets', '00:08:36'),
(1090, 106, 3, 'The Thing That Should Not Be', '00:06:36'),
(1091, 106, 4, 'Welcome Home (Sanitarium)', '00:06:27'),
(1092, 106, 5, 'Disposable Heroes', '00:08:17'),
(1093, 106, 6, 'Leper Messiah', '00:05:40'),
(1094, 106, 7, 'Orion', '00:08:27'),
(1095, 106, 8, 'Damage, Inc.', '00:05:32'),
(1096, 107, 1, 'Blackened', '00:06:42'),
(1097, 107, 2, '...And Justice for All', '00:09:46'),
(1098, 107, 3, 'Eye of the Beholder', '00:06:25'),
(1099, 107, 4, 'One', '00:07:26'),
(1100, 107, 5, 'The Shortest Straw', '00:06:35'),
(1101, 107, 6, 'Harvester of Sorrow', '00:05:45'),
(1102, 107, 7, 'The Frayed Ends of Sanity', '00:07:43'),
(1103, 107, 8, 'To Live Is to Die', '00:09:49'),
(1104, 107, 9, 'Dyers Eve', '00:05:14'),
(1105, 108, 1, 'Enter Sandman', '00:05:31'),
(1106, 108, 2, 'Sad but True', '00:05:24'),
(1107, 108, 3, 'Holier than Thou', '00:03:47'),
(1108, 108, 4, 'The Unforgiven', '00:06:27'),
(1109, 108, 5, 'Wherever I May Roam', '00:06:44'),
(1110, 108, 6, 'Don\'t Tread on Me', '00:04:00'),
(1111, 108, 7, 'Through the Never', '00:04:04'),
(1112, 108, 8, 'Nothing Else Matters', '00:06:28'),
(1113, 108, 9, 'Of Wolf and Man', '00:04:16'),
(1114, 108, 10, 'The God That Failed', '00:05:08'),
(1115, 108, 11, 'My Friend of Misery', '00:06:49'),
(1116, 108, 12, 'The Struggle Within', '00:03:53'),
(1117, 109, 1, 'Ain\'t My Bitch', '00:05:04'),
(1118, 109, 2, '2 X 4', '00:05:28'),
(1119, 109, 3, 'The House Jack Built', '00:06:39'),
(1120, 109, 4, 'Until It Sleeps', '00:04:28'),
(1121, 109, 5, 'King Nothing', '00:05:30'),
(1122, 109, 6, 'Hero of the Day', '00:04:22'),
(1123, 109, 7, 'Bleeding Me', '00:08:18'),
(1124, 109, 8, 'Cure', '00:04:56'),
(1125, 109, 9, 'Poor Twisted Me', '00:04:00'),
(1126, 109, 10, 'Wasting My Hate', '00:03:57'),
(1127, 109, 11, 'Mama Said', '00:05:20'),
(1128, 109, 12, 'Thorn Within', '00:05:52'),
(1129, 109, 13, 'Ronnie', '00:05:17'),
(1130, 109, 14, 'The Outlaw Torn', '00:09:52'),
(1131, 110, 1, 'Fuel', '00:04:30'),
(1132, 110, 2, 'The Memory Remains', '00:04:39'),
(1133, 110, 3, 'Devil\'s Dance', '00:05:19'),
(1134, 110, 4, 'The Unforgiven II', '00:06:36'),
(1135, 110, 5, 'Better than You', '00:05:21'),
(1136, 110, 6, 'Slither', '00:05:13'),
(1137, 110, 7, 'Carpe Diem Baby', '00:06:12'),
(1138, 110, 8, 'Bad Seed', '00:04:05'),
(1139, 110, 9, 'Where the Wild Things Are', '00:06:53'),
(1140, 110, 10, 'Prince Charming', '00:06:05'),
(1141, 110, 11, 'Low Man\'s Lyric', '00:07:36'),
(1142, 110, 12, 'Attitude', '00:05:17'),
(1143, 110, 13, 'Fixxxer', '00:08:15'),
(1144, 111, 1, 'Frantic', '00:05:50'),
(1145, 111, 2, 'St. Anger', '00:07:21'),
(1146, 111, 3, 'Some Kind of Monster', '00:08:25'),
(1147, 111, 4, 'Dirty Window', '00:05:25'),
(1148, 111, 5, 'Invisible Kid', '00:08:30'),
(1149, 111, 6, 'My World', '00:05:46'),
(1150, 111, 7, 'Shoot Me Again', '00:07:10'),
(1151, 111, 8, 'Sweet Amber', '00:05:27'),
(1152, 111, 9, 'The Unnamed Feeling', '00:07:08'),
(1153, 111, 10, 'Purify', '00:05:14'),
(1154, 111, 11, 'All Within My Hands', '00:08:48'),
(1155, 112, 1, 'That Was Just Your Life', '00:07:08'),
(1156, 112, 2, 'The End of the Line', '00:07:52'),
(1157, 112, 3, 'Broken, Beat & Scarred', '00:06:25'),
(1158, 112, 4, 'The Day That Never Comes', '00:07:56'),
(1159, 112, 5, 'All Nightmare Long', '00:07:58'),
(1160, 112, 6, 'Cyanide', '00:06:40'),
(1161, 112, 7, 'The Unforgiven III', '00:07:47'),
(1162, 112, 8, 'The Judas Kiss', '00:08:01'),
(1163, 112, 9, 'Suicide & Redemption', '00:09:58'),
(1164, 112, 10, 'My Apocalypse', '00:05:01'),
(1165, 113, 1, 'Hardwired', '00:03:10'),
(1166, 113, 2, 'Atlas, Rise!', '00:06:30'),
(1167, 113, 3, 'Now That We\'re Dead', '00:07:00'),
(1168, 113, 4, 'Moth into Flame', '00:05:52'),
(1169, 113, 5, 'Dream No More', '00:06:30'),
(1170, 113, 6, 'Halo on Fire', '00:08:16'),
(1171, 113, 7, 'Confusion', '00:06:42');
INSERT INTO `song` (`id`, `album_id`, `song_order`, `title`, `time`) VALUES
(1172, 113, 8, 'ManUNkind', '00:06:56'),
(1173, 113, 9, 'Here Comes Revenge', '00:07:18'),
(1174, 113, 10, 'Am I Savage?', '00:06:30'),
(1175, 113, 11, 'Murder One', '00:05:46'),
(1176, 113, 12, 'Spit Out the Bone', '00:07:10'),
(1177, 114, 1, 'Blew', '00:02:55'),
(1178, 114, 2, 'Floyd the Barber', '00:02:18'),
(1179, 114, 3, 'About a Girl', '00:02:48'),
(1180, 114, 4, 'School', '00:02:42'),
(1181, 114, 5, 'Love Buzz (Shocking Blue cover)', '00:03:35'),
(1182, 114, 6, 'Paper Cuts', '00:04:06'),
(1183, 114, 7, 'Negative Creep', '00:02:56'),
(1184, 114, 8, 'Scoff', '00:04:10'),
(1185, 114, 9, 'Swap Meet', '00:03:03'),
(1186, 114, 10, 'Mr. Moustache', '00:03:24'),
(1187, 114, 11, 'Sifting', '00:05:22'),
(1188, 115, 1, 'Smells Like Teen Spirit', '00:05:01'),
(1189, 115, 2, 'In Bloom', '00:04:14'),
(1190, 115, 3, 'Come as You Are', '00:03:39'),
(1191, 115, 4, 'Breed', '00:03:03'),
(1192, 115, 5, 'Lithium', '00:04:17'),
(1193, 115, 6, 'Polly', '00:02:57'),
(1194, 115, 7, 'Territorial Pissings', '00:02:22'),
(1195, 115, 8, 'Drain You', '00:03:43'),
(1196, 115, 9, 'Lounge Act', '00:02:36'),
(1197, 115, 10, 'Stay Away', '00:03:32'),
(1198, 115, 11, 'On a Plain', '00:03:16'),
(1199, 115, 12, 'Something in the Way', '00:03:52'),
(1200, 115, 13, 'Endless, Nameless', '00:06:43'),
(1201, 116, 1, 'Serve the Servants', '00:03:36'),
(1202, 116, 2, 'Scentless Apprentice', '00:03:48'),
(1203, 116, 3, 'Heart-Shaped Box', '00:04:41'),
(1204, 116, 4, 'Rape Me', '00:02:50'),
(1205, 116, 5, 'Frances Farmer Will Have Her Revenge on Seattle', '00:04:09'),
(1206, 116, 6, 'Dumb', '00:02:32'),
(1207, 116, 7, 'Very Ape', '00:01:56'),
(1208, 116, 8, 'Milk It', '00:03:55'),
(1209, 116, 9, 'Pennyroyal Tea', '00:03:37'),
(1210, 116, 10, 'Radio Friendly Unit Shifter', '00:04:51'),
(1211, 116, 11, 'Tourette\'s', '00:01:35'),
(1212, 116, 12, 'All Apologies', '00:03:51'),
(1213, 117, 1, 'Once', '00:03:51'),
(1214, 117, 2, 'Even Flow', '00:04:53'),
(1215, 117, 3, 'Alive', '00:05:41'),
(1216, 117, 4, 'Why Go', '00:03:20'),
(1217, 117, 5, 'Black', '00:05:43'),
(1218, 117, 6, 'Jeremy', '00:05:18'),
(1219, 117, 7, 'Oceans', '00:02:42'),
(1220, 117, 8, 'Porch', '00:03:30'),
(1221, 117, 9, 'Garden', '00:04:59'),
(1222, 117, 10, 'Deep', '00:04:18'),
(1223, 117, 11, 'Release', '00:09:05'),
(1224, 118, 1, 'Go', '00:03:12'),
(1225, 118, 2, 'Animal', '00:02:49'),
(1226, 118, 3, 'Daughter', '00:03:55'),
(1227, 118, 4, 'Glorified G', '00:03:26'),
(1228, 118, 5, 'Dissident', '00:03:35'),
(1229, 118, 6, 'W.M.A.', '00:05:59'),
(1230, 118, 7, 'Blood', '00:02:50'),
(1231, 118, 8, 'Rearviewmirror', '00:04:44'),
(1232, 118, 9, 'Rats', '00:04:15'),
(1233, 118, 10, 'Elderly Woman Behind the Counter in a Small Town', '00:03:15'),
(1234, 118, 11, 'Leash', '00:03:09'),
(1235, 118, 12, 'Indifference', '00:05:02'),
(1236, 119, 1, 'Last Exit', '00:02:54'),
(1237, 119, 2, 'Spin the Black Circle', '00:02:48'),
(1238, 119, 3, 'Not for You', '00:05:52'),
(1239, 119, 4, 'Tremor Christ', '00:04:12'),
(1240, 119, 5, 'Nothingman', '00:04:35'),
(1241, 119, 6, 'Whipping', '00:02:34'),
(1242, 119, 7, 'Pry, To', '00:01:03'),
(1243, 119, 8, 'Corduroy', '00:04:37'),
(1244, 119, 9, 'Bugs', '00:02:44'),
(1245, 119, 10, 'Satan\'s Bed', '00:03:30'),
(1246, 119, 11, 'Better Man', '00:04:28'),
(1247, 119, 12, 'Aye Davanita', '00:02:57'),
(1248, 119, 13, 'Immortality', '00:05:28'),
(1249, 119, 14, 'Hey Foxymophandlemama, That\'s Me', '00:07:28'),
(1250, 120, 1, 'Sometimes', '00:02:40'),
(1251, 120, 2, 'Hail, Hail', '00:03:41'),
(1252, 120, 3, 'Who You Are', '00:03:50'),
(1253, 120, 4, 'In My Tree', '00:03:59'),
(1254, 120, 5, 'Smile', '00:03:52'),
(1255, 120, 6, 'Off He Goes', '00:06:02'),
(1256, 120, 7, 'Habit', '00:03:35'),
(1257, 120, 8, 'Red Mosquito', '00:04:03'),
(1258, 120, 9, 'Lukin', '00:01:02'),
(1259, 120, 10, 'Present Tense', '00:05:46'),
(1260, 120, 11, 'Mankind', '00:03:28'),
(1261, 120, 12, 'I\'m Open', '00:02:57'),
(1262, 120, 13, 'Around the Bend', '00:04:35'),
(1263, 121, 1, 'Brain of J.', '00:02:59'),
(1264, 121, 2, 'Faithfull', '00:04:18'),
(1265, 121, 3, 'No Way', '00:04:19'),
(1266, 121, 4, 'Given to Fly', '00:04:01'),
(1267, 121, 5, 'Wishlist', '00:03:26'),
(1268, 121, 6, 'Pilate', '00:03:00'),
(1269, 121, 7, 'Do the Evolution', '00:03:54'),
(1270, 121, 8, 'The Color Red', '00:01:06'),
(1271, 121, 9, 'MFC', '00:02:27'),
(1272, 121, 10, 'Low Light', '00:03:46'),
(1273, 121, 11, 'In Hiding', '00:05:00'),
(1274, 121, 12, 'Push Me, Pull Me', '00:02:28'),
(1275, 121, 13, 'All Those Yesterdays', '00:07:47'),
(1276, 122, 1, 'Breakerfall', '00:02:19'),
(1277, 122, 2, 'Gods\' Dice', '00:02:26'),
(1278, 122, 3, 'Evacuation', '00:02:56'),
(1279, 122, 4, 'Light Years', '00:05:06'),
(1280, 122, 5, 'Nothing as It Seems', '00:05:22'),
(1281, 122, 6, 'Thin Air', '00:03:32'),
(1282, 122, 7, 'Insignificance', '00:04:28'),
(1283, 122, 8, 'Of the Girl', '00:05:07'),
(1284, 122, 9, 'Grievance', '00:03:14'),
(1285, 122, 10, 'Rival', '00:03:38'),
(1286, 122, 11, 'Sleight of Hand', '00:04:47'),
(1287, 122, 12, 'Soon Forget', '00:01:46'),
(1288, 122, 13, 'Parting Ways', '00:07:17'),
(1289, 123, 1, 'Can\'t Keep', '00:03:39'),
(1290, 123, 2, 'Save You', '00:03:50'),
(1291, 123, 3, 'Love Boat Captain', '00:04:36'),
(1292, 123, 4, 'Cropduster', '00:03:51'),
(1293, 123, 5, 'Ghost', '00:03:15'),
(1294, 123, 6, 'I Am Mine', '00:03:35'),
(1295, 123, 7, 'Thumbing My Way', '00:04:10'),
(1296, 123, 8, 'You Are', '00:04:30'),
(1297, 123, 9, 'Get Right', '00:02:38'),
(1298, 123, 10, 'Green Disease', '00:02:41'),
(1299, 123, 11, 'Help Help', '00:03:35'),
(1300, 123, 12, 'Bu$hleaguer', '00:03:57'),
(1301, 123, 13, '½ Full', '00:04:10'),
(1302, 123, 14, 'Arc', '00:01:05'),
(1303, 123, 15, 'All or None', '00:04:37'),
(1304, 124, 1, 'Life Wasted', '00:03:54'),
(1305, 124, 2, 'World Wide Suicide', '00:03:29'),
(1306, 124, 3, 'Comatose', '00:02:19'),
(1307, 124, 4, 'Severed Hand', '00:04:30'),
(1308, 124, 5, 'Marker in the Sand', '00:04:23'),
(1309, 124, 6, 'Parachutes', '00:03:36'),
(1310, 124, 7, 'Unemployable', '00:03:04'),
(1311, 124, 8, 'Big Wave', '00:02:58'),
(1312, 124, 9, 'Gone', '00:04:09'),
(1313, 124, 10, 'Wasted Reprise', '00:00:53'),
(1314, 124, 11, 'Army Reserve', '00:03:45'),
(1315, 124, 12, 'Come Back', '00:05:29'),
(1316, 124, 13, 'Inside Job', '00:07:08'),
(1317, 125, 1, 'Gonna See My Friend', '00:02:47'),
(1318, 125, 2, 'Got Some', '00:03:01'),
(1319, 125, 3, 'The Fixer', '00:02:57'),
(1320, 125, 4, 'Johnny Guitar', '00:02:49'),
(1321, 125, 5, 'Just Breathe', '00:03:34'),
(1322, 125, 6, 'Amongst the Waves', '00:03:57'),
(1323, 125, 7, 'Unthought Known', '00:04:08'),
(1324, 125, 8, 'Supersonic', '00:02:38'),
(1325, 125, 9, 'Speed of Sound', '00:03:34'),
(1326, 125, 10, 'Force of Nature', '00:04:03'),
(1327, 125, 11, 'The End', '00:02:55'),
(1328, 126, 1, 'Getaway', '00:03:26'),
(1329, 126, 2, 'Mind Your Manners', '00:02:38'),
(1330, 126, 3, 'My Father\'s Son', '00:03:07'),
(1331, 126, 4, 'Sirens', '00:05:41'),
(1332, 126, 5, 'Lightning Bolt', '00:04:13'),
(1333, 126, 6, 'Infallible', '00:05:22'),
(1334, 126, 7, 'Pendulum', '00:03:44'),
(1335, 126, 8, 'Swallowed Whole', '00:03:51'),
(1336, 126, 9, 'Let the Records Play', '00:03:46'),
(1337, 126, 10, 'Sleeping by Myself', '00:03:04'),
(1338, 126, 11, 'Yellow Moon', '00:03:52'),
(1339, 126, 12, 'Future Days', '00:04:22'),
(1340, 127, 1, 'Who Ever Said', '00:05:11'),
(1341, 127, 2, 'Superblood Wolfmoon', '00:03:49'),
(1342, 127, 3, 'Dance of the Clairvoyants', '00:04:26'),
(1343, 127, 4, 'Quick Escape', '00:04:47'),
(1344, 127, 5, 'Alright', '00:03:44'),
(1345, 127, 6, 'Seven O\'Clock', '00:06:14'),
(1346, 127, 7, 'Never Destination', '00:04:17'),
(1347, 127, 8, 'Take the Long Way', '00:03:42'),
(1348, 127, 9, 'Buckle Up', '00:03:37'),
(1349, 127, 10, 'Comes Then Goes', '00:06:02'),
(1350, 127, 11, 'Retrograde', '00:05:22'),
(1351, 127, 12, 'River Cross', '00:05:53'),
(1352, 128, 1, 'Astronomy Dominé', '00:04:12'),
(1353, 128, 2, 'Lucifer Sam', '00:03:07'),
(1354, 128, 3, 'Matilda Mother', '00:03:08'),
(1355, 128, 4, 'Flaming', '00:02:46'),
(1356, 128, 5, 'Pow R. Toc H.', '00:04:26'),
(1357, 128, 6, 'Take Up Thy Stethoscope and Walk', '00:03:05'),
(1358, 128, 7, 'Interstellar Overdrive', '00:09:41'),
(1359, 128, 8, 'The Gnome', '00:02:13'),
(1360, 128, 9, 'Chapter 24', '00:03:42'),
(1361, 128, 10, 'The Scarecrow', '00:02:11'),
(1362, 128, 11, 'Bike', '00:03:21'),
(1363, 129, 1, 'Let There Be More Light', '00:05:38'),
(1364, 129, 2, 'Remember a Day', '00:04:33'),
(1365, 129, 3, 'Set the Controls for the Heart of the Sun', '00:05:28'),
(1366, 129, 4, 'Corporal Clegg', '00:04:13'),
(1367, 129, 5, 'A Saucerful of Secrets', '00:11:57'),
(1368, 129, 6, 'See-Saw', '00:04:36'),
(1369, 129, 7, 'Jugband Blues', '00:03:00'),
(1370, 130, 1, 'Cirrus Minor', '00:05:18'),
(1371, 130, 2, 'The Nile Song', '00:03:26'),
(1372, 130, 3, 'Crying Song', '00:03:33'),
(1373, 130, 4, 'Up the Khyber', '00:02:12'),
(1374, 130, 5, 'Green Is the Colour', '00:02:58'),
(1375, 130, 6, 'Cymbaline', '00:04:50'),
(1376, 130, 7, 'Party Sequence', '00:01:07'),
(1377, 130, 8, 'Main Theme', '00:05:27'),
(1378, 130, 9, 'Ibiza Bar', '00:03:19'),
(1379, 130, 10, 'More Blues', '00:02:12'),
(1380, 130, 11, 'Quicksilver', '00:07:13'),
(1381, 130, 12, 'A Spanish Piece', '00:01:05'),
(1382, 130, 13, 'Dramatic Theme', '00:02:15'),
(1383, 131, 1, 'Astronomy Domine', '00:08:32'),
(1384, 131, 2, 'Careful with That Axe, Eugene', '00:08:49'),
(1385, 131, 3, 'Set the Controls for the Heart of the Sun', '00:09:27'),
(1386, 131, 4, 'A Saucerful of Secrets', '00:12:48'),
(1387, 131, 5, 'Sysyphus – (Parts 1–4)', '00:13:28'),
(1388, 131, 6, 'Grantchester Meadows', '00:07:26'),
(1389, 131, 7, 'Several Species of Small Furry Animals Gathered Together in a Cave and Grooving with a Pict', '00:04:59'),
(1390, 131, 8, 'The Narrow Way – (Parts 1–3)', '00:12:17'),
(1391, 131, 9, 'The Grand Vizier\'s Garden Party', '00:08:46'),
(1392, 132, 1, 'Atom Heart Mother', '00:23:44'),
(1393, 132, 2, 'If', '00:04:31'),
(1394, 132, 3, 'Summer \'68', '00:05:29'),
(1395, 132, 4, 'Fat Old Sun', '00:05:22'),
(1396, 132, 5, 'Alan\'s Psychedelic Breakfast', '00:13:00'),
(1397, 133, 1, 'One of These Days', '00:05:57'),
(1398, 133, 2, 'A Pillow of Winds', '00:05:13'),
(1399, 133, 3, 'Fearless', '00:06:08'),
(1400, 133, 4, 'San Tropez', '00:03:44'),
(1401, 133, 5, 'Seamus', '00:02:15'),
(1402, 133, 6, 'Echoes', '00:23:30'),
(1403, 134, 1, 'Obscured by Clouds', '00:03:03'),
(1404, 134, 2, 'When You\'re In', '00:02:18'),
(1405, 134, 3, 'Burning Bridges', '00:03:29'),
(1406, 134, 4, 'The Gold It\'s in the...', '00:03:07'),
(1407, 134, 5, 'Wot\'s... Uh the Deal?', '00:05:08'),
(1408, 134, 6, 'Mudmen', '00:04:20'),
(1409, 134, 7, 'Childhood\'s End', '00:04:31'),
(1410, 134, 8, 'Free Four', '00:04:15'),
(1411, 134, 9, 'Stay', '00:04:05'),
(1412, 134, 10, 'Absolutely Curtains', '00:05:52'),
(1413, 135, 1, 'Speak to Me', '00:01:05'),
(1414, 135, 2, 'Breathe', '00:02:49'),
(1415, 135, 3, 'On the Run', '00:03:45'),
(1416, 135, 4, 'Time', '00:06:53'),
(1417, 135, 5, 'The Great Gig in the Sky', '00:04:43'),
(1418, 135, 6, 'Money', '00:06:22'),
(1419, 135, 7, 'Us and Them', '00:07:49'),
(1420, 135, 8, 'Any Colour You Like', '00:03:26'),
(1421, 135, 9, 'Brain Damage', '00:03:46'),
(1422, 135, 10, 'Eclipse', '00:02:12'),
(1423, 136, 1, 'Shine On You Crazy Diamond', '00:13:32'),
(1424, 136, 2, 'Welcome to the Machine', '00:07:28'),
(1425, 136, 3, 'Have a Cigar', '00:05:08'),
(1426, 136, 4, 'Wish You Were Here', '00:05:35'),
(1427, 136, 5, 'Shine On You Crazy Diamond', '00:12:28'),
(1428, 137, 1, 'Pigs on the Wing (Part One)', '00:01:24'),
(1429, 137, 2, 'Dogs', '00:17:04'),
(1430, 137, 3, 'Pigs (Three Different Ones)', '00:11:28'),
(1431, 137, 4, 'Sheep', '00:10:20'),
(1432, 137, 5, 'Pigs on the Wing (Part Two)', '00:01:24'),
(1433, 138, 1, 'In the Flesh?', '00:03:16'),
(1434, 138, 2, 'The Thin Ice', '00:02:27'),
(1435, 138, 3, 'Another Brick in the Wall, Part 1', '00:03:11'),
(1436, 138, 4, 'The Happiest Days of Our Lives', '00:01:46'),
(1437, 138, 5, 'Another Brick in the Wall, Part 2', '00:03:59'),
(1438, 138, 6, 'Mother', '00:05:32'),
(1439, 138, 7, 'Goodbye Blue Sky', '00:02:45'),
(1440, 138, 8, 'Empty Spaces', '00:02:10'),
(1441, 138, 9, 'Young Lust', '00:03:25'),
(1442, 138, 10, 'One of My Turns', '00:03:41'),
(1443, 138, 11, 'Don\'t Leave Me Now', '00:04:08'),
(1444, 138, 12, 'Another Brick in the Wall, Part 3', '00:01:18'),
(1445, 138, 13, 'Goodbye Cruel World', '00:01:16'),
(1446, 138, 14, 'Hey You', '00:04:40'),
(1447, 138, 15, 'Is There Anybody Out There?', '00:02:44'),
(1448, 138, 16, 'Nobody Home', '00:03:26'),
(1449, 138, 17, 'Vera', '00:01:35'),
(1450, 138, 18, 'Bring the Boys Back Home', '00:01:21'),
(1451, 138, 19, 'Comfortably Numb', '00:06:23'),
(1452, 138, 20, 'The Show Must Go On', '00:01:36'),
(1453, 138, 21, 'In the Flesh', '00:04:15'),
(1454, 138, 22, 'Run Like Hell', '00:04:20'),
(1455, 138, 23, 'Waiting for the Worms', '00:04:04'),
(1456, 138, 24, 'Stop', '00:00:30'),
(1457, 138, 25, 'The Trial', '00:05:13'),
(1458, 138, 26, 'Outside the Wall', '00:01:41'),
(1459, 139, 1, 'The Post War Dream', '00:03:00'),
(1460, 139, 2, 'Your Possible Pasts', '00:04:26'),
(1461, 139, 3, 'One of the Few', '00:01:11'),
(1462, 139, 4, 'When the Tigers Broke Free', '00:03:16'),
(1463, 139, 5, 'The Hero\'s Return', '00:02:43'),
(1464, 139, 6, 'The Gunner\'s Dream', '00:05:18'),
(1465, 139, 7, 'Paranoid Eyes', '00:03:41'),
(1466, 139, 8, 'Get Your Filthy Hands Off My Desert', '00:01:17'),
(1467, 139, 9, 'The Fletcher Memorial Home', '00:04:12'),
(1468, 139, 10, 'Southampton Dock', '00:02:10'),
(1469, 139, 11, 'The Final Cut', '00:04:45'),
(1470, 139, 12, 'Not Now John', '00:04:56'),
(1471, 139, 13, 'Two Suns in the Sunset', '00:05:23'),
(1472, 140, 1, 'Signs of Life', '00:04:24'),
(1473, 140, 2, 'Learning to Fly', '00:04:52'),
(1474, 140, 3, 'The Dogs of War', '00:06:10'),
(1475, 140, 4, 'One Slip', '00:05:05'),
(1476, 140, 5, 'On the Turning Away', '00:05:42'),
(1477, 140, 6, 'Yet Another Movie', '00:06:14'),
(1478, 140, 7, 'Round and Around', '00:01:13'),
(1479, 140, 8, 'A New Machine (Part 1)', '00:01:46'),
(1480, 140, 9, 'Terminal Frost', '00:06:17'),
(1481, 140, 10, 'A New Machine (Part 2)', '00:00:38'),
(1482, 140, 11, 'Sorrow', '00:08:47'),
(1483, 141, 1, 'Cluster One', '00:05:56'),
(1484, 141, 2, 'What Do You Want from Me', '00:04:22'),
(1485, 141, 3, 'Poles Apart', '00:07:03'),
(1486, 141, 4, 'Marooned', '00:05:30'),
(1487, 141, 5, 'A Great Day for Freedom', '00:04:16'),
(1488, 141, 6, 'Wearing the Inside Out', '00:06:49'),
(1489, 141, 7, 'Take It Back', '00:06:12'),
(1490, 141, 8, 'Coming Back to Life', '00:06:19'),
(1491, 141, 9, 'Keep Talking', '00:06:11'),
(1492, 141, 10, 'Lost for Words', '00:05:15'),
(1493, 141, 11, 'High Hopes', '00:08:31'),
(1494, 142, 1, 'Things Left Unsaid', '00:04:26'),
(1495, 142, 2, 'It\'s What We Do', '00:06:17'),
(1496, 142, 3, 'Ebb and Flow', '00:01:55'),
(1497, 142, 4, 'Sum', '00:04:48'),
(1498, 142, 5, 'Skins', '00:02:37'),
(1499, 142, 6, 'Unsung', '00:01:07'),
(1500, 142, 7, 'Anisina', '00:03:16'),
(1501, 142, 8, 'The Lost Art of Conversation', '00:01:42'),
(1502, 142, 9, 'On Noodle Street', '00:01:42'),
(1503, 142, 10, 'Night Light', '00:01:42'),
(1504, 142, 11, 'Allons-y (1)', '00:01:57'),
(1505, 142, 12, 'Autumn \'68', '00:01:35'),
(1506, 142, 13, 'Allons-y (2)', '00:01:32'),
(1507, 142, 14, 'Talkin\' Hawkin\'', '00:03:29'),
(1508, 142, 15, 'Calling', '00:03:37'),
(1509, 142, 16, 'Eyes to Pearls', '00:01:51'),
(1510, 142, 17, 'Surfacing', '00:02:46'),
(1511, 142, 18, 'Louder than Words', '00:06:36'),
(1512, 143, 1, 'Man on the Silver Mountain', '00:04:42'),
(1513, 143, 2, 'Self Portrait', '00:03:17'),
(1514, 143, 3, 'Black Sheep of the Family', '00:03:22'),
(1515, 143, 4, 'Catch the Rainbow', '00:06:27'),
(1516, 143, 5, 'Snake Charmer', '00:04:33'),
(1517, 143, 6, 'The Temple of the King', '00:04:45'),
(1518, 143, 7, 'If You Don\'t Like Rock \'n\' Roll', '00:02:38'),
(1519, 143, 8, 'Sixteenth Century Greensleeves', '00:03:31'),
(1520, 143, 9, 'Still I\'m Sad', '00:03:51'),
(1521, 144, 1, 'Tarot Woman', '00:05:58'),
(1522, 144, 2, 'Run with the Wolf', '00:03:48'),
(1523, 144, 3, 'Starstruck', '00:04:06'),
(1524, 144, 4, 'Do You Close Your Eyes', '00:02:58'),
(1525, 144, 5, 'Stargazer', '00:08:26'),
(1526, 144, 6, 'A Light in the Black', '00:08:12'),
(1527, 145, 1, 'Long Live Rock \'n\' Roll', '00:04:21'),
(1528, 145, 2, 'Lady of the Lake', '00:03:39'),
(1529, 145, 3, 'L.A. Connection', '00:05:02'),
(1530, 145, 4, 'Gates of Babylon', '00:06:49'),
(1531, 145, 5, 'Kill the King', '00:04:29'),
(1532, 145, 6, 'The Shed (Subtle)', '00:04:47'),
(1533, 145, 7, 'Sensitive to Light', '00:03:07'),
(1534, 145, 8, 'Rainbow Eyes', '00:07:11'),
(1535, 146, 1, 'All Night Long', '00:03:53'),
(1536, 146, 2, 'Eyes of the World', '00:06:42'),
(1537, 146, 3, 'No Time to Lose', '00:03:45'),
(1538, 146, 4, 'Makin\' Love', '00:04:38'),
(1539, 146, 5, 'Since You Been Gone', '00:03:25'),
(1540, 146, 6, 'Love\'s No Friend', '00:04:55'),
(1541, 146, 7, 'Danger Zone', '00:04:31'),
(1542, 146, 8, 'Lost in Hollywood', '00:04:51'),
(1543, 147, 1, 'I Surrender', '00:04:01'),
(1544, 147, 2, 'Spotlight Kid', '00:04:54'),
(1545, 147, 3, 'No Release', '00:05:33'),
(1546, 147, 4, 'Magic', '00:04:07'),
(1547, 147, 5, 'Vielleicht Das Nächste Mal (Maybe Next Time)', '00:03:17'),
(1548, 147, 6, 'Can\'t Happen Here', '00:04:57'),
(1549, 147, 7, 'Freedom Fighter', '00:04:21'),
(1550, 147, 8, 'Midtown Tunnel Vision', '00:04:31'),
(1551, 147, 9, 'Difficult to Cure (Beethoven\'s Ninth)', '00:05:57'),
(1552, 148, 1, 'Death Alley Driver', '00:04:42'),
(1553, 148, 2, 'Stone Cold', '00:05:17'),
(1554, 148, 3, 'Bring On the Night (Dream Chaser)', '00:04:06'),
(1555, 148, 4, 'Tite Squeeze', '00:03:15'),
(1556, 148, 5, 'Tearin\' Out My Heart', '00:04:03'),
(1557, 148, 6, 'Power', '00:04:26'),
(1558, 148, 7, 'MISS Mistreated', '00:04:27'),
(1559, 148, 8, 'Rock Fever', '00:03:50'),
(1560, 148, 9, 'Eyes of Fire', '00:06:37'),
(1561, 149, 1, 'Stranded', '00:04:25'),
(1562, 149, 2, 'Can\'t Let You Go', '00:04:19'),
(1563, 149, 3, 'Fool for the Night', '00:04:03'),
(1564, 149, 4, 'Fire Dance', '00:04:27'),
(1565, 149, 5, 'Anybody There', '00:02:37'),
(1566, 149, 6, 'Desperate Heart', '00:04:00'),
(1567, 149, 7, 'Street of Dreams', '00:04:24'),
(1568, 149, 8, 'Drinking with the Devil', '00:03:41'),
(1569, 149, 9, 'Snowman', '00:04:30'),
(1570, 149, 10, 'Make Your Move', '00:03:55'),
(1571, 150, 1, 'Wolf to the Moon', '00:04:16'),
(1572, 150, 2, 'Cold Hearted Woman', '00:04:31'),
(1573, 150, 3, 'Hunting Humans (Insatiable)', '00:05:45'),
(1574, 150, 4, 'Stand and Fight', '00:05:22'),
(1575, 150, 5, 'Ariel', '00:05:39'),
(1576, 150, 6, 'Too Late for Tears', '00:04:50'),
(1577, 150, 7, 'Black Masquerade', '00:05:35'),
(1578, 150, 8, 'Silence', '00:04:04'),
(1579, 150, 9, 'Hall of the Mountain King', '00:05:34'),
(1580, 150, 10, 'Still I\'m Sad', '00:05:22'),
(1581, 151, 1, 'Finding My Way', '00:05:03'),
(1582, 151, 2, 'Need Some Love', '00:02:16'),
(1583, 151, 3, 'Take A Friend', '00:04:27'),
(1584, 151, 4, 'Here Again', '00:07:30'),
(1585, 151, 5, 'What You\'re Doing', '00:04:19'),
(1586, 151, 6, 'In The Mood', '00:03:36'),
(1587, 151, 7, 'Before And After', '00:05:33'),
(1588, 151, 8, 'Working Man', '00:07:07'),
(1589, 152, 1, 'Anthem', '00:04:21'),
(1590, 152, 2, 'Best I Can', '00:03:24'),
(1591, 152, 3, 'Beneath, Between and Behind', '00:03:01'),
(1592, 152, 4, 'By-Tor and the Snow Dog', '00:08:37'),
(1593, 152, 5, 'Fly by Night', '00:03:18'),
(1594, 152, 6, 'Making Memories', '00:02:58'),
(1595, 152, 7, 'Rivendell', '00:04:52'),
(1596, 152, 8, 'In the End', '00:06:44'),
(1597, 153, 1, 'Bastille Day', '00:04:34'),
(1598, 153, 2, 'I Think I\'m Going Bald', '00:03:41'),
(1599, 153, 3, 'Lakeside Park', '00:04:09'),
(1600, 153, 4, 'The Necromancer', '00:12:28'),
(1601, 153, 5, 'The Fountain of Lamneth', '00:19:57'),
(1602, 154, 1, '2112', '00:20:34'),
(1603, 154, 2, 'A Passage to Bangkok', '00:03:32'),
(1604, 154, 3, 'The Twilight Zone', '00:03:16'),
(1605, 154, 4, 'Lessons', '00:03:51'),
(1606, 154, 5, 'Tears', '00:03:30'),
(1607, 154, 6, 'Something for Nothing', '00:03:59'),
(1608, 155, 1, 'A Farewell to Kings', '00:05:51'),
(1609, 155, 2, 'Xanadu', '00:11:05'),
(1610, 155, 3, 'Closer to the Heart', '00:02:54'),
(1611, 155, 4, 'Cinderella Man', '00:04:20'),
(1612, 155, 5, 'Madrigal', '00:02:35'),
(1613, 155, 6, 'Cygnus X-1 Book I: The Voyage', '00:10:25'),
(1614, 156, 1, 'Cygnus X-1 Book II: Hemispheres', '00:18:08'),
(1615, 156, 2, 'Circumstances', '00:03:42'),
(1616, 156, 3, 'The Trees', '00:04:46'),
(1617, 156, 4, 'La Villa Strangiato (An Exercise in Self-Indulgence)', '00:09:35'),
(1618, 157, 1, 'The Spirit of Radio', '00:04:58'),
(1619, 157, 2, 'Freewill', '00:05:23'),
(1620, 157, 3, 'Jacob\'s Ladder', '00:07:50'),
(1621, 157, 4, 'Entre Nous', '00:04:37'),
(1622, 157, 5, 'Different Strings', '00:03:50'),
(1623, 157, 6, 'Natural Science', '00:09:27'),
(1624, 158, 1, 'Tom Sawyer', '00:04:34'),
(1625, 158, 2, 'Red Barchetta', '00:06:10'),
(1626, 158, 3, 'YYZ', '00:04:26'),
(1627, 158, 4, 'Limelight', '00:04:20'),
(1628, 158, 5, 'The Camera Eye', '00:10:58'),
(1629, 158, 6, 'Witch Hunt', '00:04:46'),
(1630, 158, 7, 'Vital Signs', '00:04:46'),
(1631, 159, 1, 'Subdivisions', '00:05:35'),
(1632, 159, 2, 'The Analog Kid', '00:04:47'),
(1633, 159, 3, 'Chemistry', '00:04:57'),
(1634, 159, 4, 'Digital Man', '00:06:23'),
(1635, 159, 5, 'The Weapon', '00:06:24'),
(1636, 159, 6, 'New World Man', '00:03:42'),
(1637, 159, 7, 'Losing It', '00:04:53'),
(1638, 159, 8, 'Countdown', '00:05:49'),
(1639, 160, 1, 'Distant Early Warning', '00:04:56'),
(1640, 160, 2, 'Afterimage', '00:05:04'),
(1641, 160, 3, 'Red Sector A', '00:05:10'),
(1642, 160, 4, 'The Enemy Within', '00:04:33'),
(1643, 160, 5, 'The Body Electric', '00:05:00'),
(1644, 160, 6, 'Kid Gloves', '00:04:18'),
(1645, 160, 7, 'Red Lenses', '00:04:42'),
(1646, 160, 8, 'Between the Wheels', '00:05:44'),
(1647, 161, 1, 'The Big Money', '00:05:36'),
(1648, 161, 2, 'Grand Designs', '00:05:07'),
(1649, 161, 3, 'Manhattan Project', '00:05:09'),
(1650, 161, 4, 'Marathon', '00:06:11'),
(1651, 161, 5, 'The Big Money', '00:05:36'),
(1652, 161, 6, 'Grand Designs', '00:05:07'),
(1653, 161, 7, 'Manhattan Project', '00:05:09'),
(1654, 161, 8, 'Marathon', '00:06:11'),
(1655, 162, 1, 'Force Ten', '00:04:31'),
(1656, 162, 2, 'Time Stand Still', '00:05:09'),
(1657, 162, 3, 'Open Secrets', '00:05:38'),
(1658, 162, 4, 'Second Nature', '00:04:36'),
(1659, 162, 5, 'Prime Mover', '00:05:19'),
(1660, 162, 6, 'Lock and Key', '00:05:09'),
(1661, 162, 7, 'Mission', '00:05:16'),
(1662, 162, 8, 'Turn the Page', '00:04:55'),
(1663, 162, 9, 'Tai Shan', '00:04:17'),
(1664, 162, 10, 'High Water', '00:05:33'),
(1665, 163, 1, 'Show Don\'t Tell', '00:05:01'),
(1666, 163, 2, 'Chain Lightning', '00:04:33'),
(1667, 163, 3, 'The Pass', '00:04:52'),
(1668, 163, 4, 'War Paint', '00:05:24'),
(1669, 163, 5, 'Scars', '00:04:07'),
(1670, 163, 6, 'Presto', '00:05:45'),
(1671, 163, 7, 'Superconductor', '00:04:47'),
(1672, 163, 8, 'Anagram (For Mongo)', '00:04:00'),
(1673, 163, 9, 'Red Tide', '00:04:29'),
(1674, 163, 10, 'Hand Over Fist', '00:04:11'),
(1675, 163, 11, 'Available Light', '00:05:03'),
(1676, 164, 1, 'Dreamline', '00:04:37'),
(1677, 164, 2, 'Bravado', '00:04:35'),
(1678, 164, 3, 'Roll the Bones', '00:05:30'),
(1679, 164, 4, 'Face Up', '00:03:54'),
(1680, 164, 5, 'Where\'s My Thing?', '00:03:49'),
(1681, 164, 6, 'The Big Wheel', '00:05:13'),
(1682, 164, 7, 'Heresy', '00:05:27'),
(1683, 164, 8, 'Ghost of a Chance', '00:05:18'),
(1684, 164, 9, 'Neurotica', '00:04:39'),
(1685, 164, 10, 'You Bet Your Life', '00:05:01'),
(1686, 165, 1, 'Animate', '00:06:04'),
(1687, 165, 2, 'Stick It Out', '00:04:30'),
(1688, 165, 3, 'Cut to the Chase', '00:04:48'),
(1689, 165, 4, 'Nobody\'s Hero', '00:04:55'),
(1690, 165, 5, 'Between Sun and Moon', '00:04:37'),
(1691, 165, 6, 'Alien Shore', '00:05:47'),
(1692, 165, 7, 'The Speed of Love', '00:05:02'),
(1693, 165, 8, 'Double Agent', '00:04:52'),
(1694, 165, 9, 'Leave That Thing Alone', '00:04:05'),
(1695, 165, 10, 'Cold Fire', '00:04:27'),
(1696, 165, 11, 'Everyday Glory', '00:05:11'),
(1697, 166, 1, 'Test for Echo', '00:05:56'),
(1698, 166, 2, 'Driven', '00:04:27'),
(1699, 166, 3, 'Half the World', '00:03:43'),
(1700, 166, 4, 'The Color of Right', '00:04:48'),
(1701, 166, 5, 'Time and Motion', '00:05:01'),
(1702, 166, 6, 'Totem', '00:04:58'),
(1703, 166, 7, 'Dog Years', '00:04:55'),
(1704, 166, 8, 'Virtuality', '00:05:44'),
(1705, 166, 9, 'Resist', '00:04:23'),
(1706, 166, 10, 'Limbo', '00:05:29'),
(1707, 166, 11, 'Carve Away the Stone', '00:04:06'),
(1708, 167, 1, 'One Little Victory', '00:05:08'),
(1709, 167, 2, 'Ceiling Unlimited', '00:05:28'),
(1710, 167, 3, 'Ghost Rider', '00:05:41'),
(1711, 167, 4, 'Peaceable Kingdom', '00:05:23'),
(1712, 167, 5, 'The Stars Look Down', '00:04:28'),
(1713, 167, 6, 'How It Is', '00:04:05'),
(1714, 167, 7, 'Vapor Trail', '00:04:57'),
(1715, 167, 8, 'Secret Touch', '00:06:34'),
(1716, 167, 9, 'Earthshine', '00:05:38'),
(1717, 167, 10, 'Sweet Miracle', '00:03:40'),
(1718, 167, 11, 'Nocturne', '00:04:49'),
(1719, 167, 12, 'Freeze', '00:06:21'),
(1720, 167, 13, 'Out of the Cradle', '00:05:03'),
(1721, 168, 1, 'Far Cry', '00:05:21'),
(1722, 168, 2, 'Armor and Sword', '00:06:36'),
(1723, 168, 3, 'Workin\' Them Angels', '00:04:47'),
(1724, 168, 4, 'The Larger Bowl (A Pantoum)', '00:04:07'),
(1725, 168, 5, 'Spindrift', '00:05:24'),
(1726, 168, 6, 'The Main Monkey Business', '00:06:01'),
(1727, 168, 7, 'The Way the Wind Blows', '00:06:28'),
(1728, 168, 8, 'Hope', '00:02:03'),
(1729, 168, 9, 'Faithless', '00:05:31'),
(1730, 168, 10, 'Bravest Face', '00:05:12'),
(1731, 168, 11, 'Good News First', '00:04:51'),
(1732, 168, 12, 'Malignant Narcissism', '00:02:17'),
(1733, 168, 13, 'We Hold On', '00:04:13'),
(1734, 169, 1, 'Caravan', '00:05:39'),
(1735, 169, 2, 'BU2B', '00:05:10'),
(1736, 169, 3, 'Clockwork Angels', '00:07:31'),
(1737, 169, 4, 'The Anarchist', '00:06:52'),
(1738, 169, 5, 'Carnies', '00:04:53'),
(1739, 169, 6, 'Halo Effect', '00:03:14'),
(1740, 169, 7, 'Seven Cities of Gold', '00:06:32'),
(1741, 169, 8, 'The Wreckers', '00:05:01'),
(1742, 169, 9, 'Headlong Flight', '00:07:19'),
(1743, 169, 10, 'BU2B2', '00:01:28'),
(1744, 169, 11, 'Wish Them Well', '00:05:25'),
(1745, 169, 12, 'The Garden', '00:06:59'),
(1746, 170, 1, 'Evil Has No Boundaries', '00:03:09'),
(1747, 170, 2, 'The Antichrist', '00:02:49'),
(1748, 170, 3, 'Die by the Sword', '00:03:36'),
(1749, 170, 4, 'Fight till Death', '00:03:37'),
(1750, 170, 5, 'Metal Storm / Face the Slayer', '00:04:53'),
(1751, 170, 6, 'Black Magic', '00:04:03'),
(1752, 170, 7, 'Tormentor', '00:03:45'),
(1753, 170, 8, 'The Final Command', '00:02:32'),
(1754, 170, 9, 'Crionics', '00:03:29'),
(1755, 170, 10, 'Show No Mercy', '00:03:06'),
(1756, 171, 1, 'Hell Awaits', '00:06:16'),
(1757, 171, 2, 'Kill Again', '00:04:56'),
(1758, 171, 3, 'At Dawn They Sleep', '00:06:17'),
(1759, 171, 4, 'Praise of Death', '00:05:21'),
(1760, 171, 5, 'Necrophiliac', '00:03:46'),
(1761, 171, 6, 'Crypts of Eternity', '00:06:40'),
(1762, 171, 7, 'Hardening of the Arteries', '00:03:55'),
(1763, 172, 1, 'Angel of Death', '00:04:51'),
(1764, 172, 2, 'Piece by Piece', '00:02:02'),
(1765, 172, 3, 'Necrophobic', '00:01:40'),
(1766, 172, 4, 'Altar of Sacrifice', '00:02:50'),
(1767, 172, 5, 'Jesus Saves', '00:02:54'),
(1768, 172, 6, 'Criminally Insane', '00:02:23'),
(1769, 172, 7, 'Reborn', '00:02:11'),
(1770, 172, 8, 'Epidemic', '00:02:23'),
(1771, 172, 9, 'Postmortem', '00:03:27'),
(1772, 172, 10, 'Raining Blood', '00:04:14'),
(1773, 173, 1, 'South of Heaven', '00:04:58'),
(1774, 173, 2, 'Silent Scream', '00:03:07'),
(1775, 173, 3, 'Live Undead', '00:03:50'),
(1776, 173, 4, 'Behind the Crooked Cross', '00:03:15'),
(1777, 173, 5, 'Mandatory Suicide', '00:04:05'),
(1778, 173, 6, 'Ghosts of War', '00:03:53'),
(1779, 173, 7, 'Read Between the Lies', '00:03:20'),
(1780, 173, 8, 'Cleanse the Soul', '00:03:02'),
(1781, 173, 9, 'Dissident Aggressor', '00:02:35'),
(1782, 173, 10, 'Spill the Blood', '00:04:48'),
(1783, 174, 1, 'War Ensemble', '00:04:51'),
(1784, 174, 2, 'Blood Red', '00:02:47'),
(1785, 174, 3, 'Spirit in Black', '00:04:07'),
(1786, 174, 4, 'Expendable Youth', '00:04:09'),
(1787, 174, 5, 'Dead Skin Mask', '00:05:20'),
(1788, 174, 6, 'Hallowed Point', '00:03:23'),
(1789, 174, 7, 'Skeletons of Society', '00:04:40'),
(1790, 174, 8, 'Temptation', '00:03:25'),
(1791, 174, 9, 'Born of Fire', '00:03:07'),
(1792, 174, 10, 'Seasons in the Abyss', '00:06:34'),
(1793, 175, 1, 'Killing Fields', '00:03:57'),
(1794, 175, 2, 'Sex. Murder. Art.', '00:01:50'),
(1795, 175, 3, 'Fictional Reality', '00:03:38'),
(1796, 175, 4, 'Dittohead', '00:02:31'),
(1797, 175, 5, 'Divine Intervention', '00:05:33'),
(1798, 175, 6, 'Circle of Beliefs', '00:04:30'),
(1799, 175, 7, 'SS-3', '00:04:07'),
(1800, 175, 8, 'Serenity in Murder', '00:02:36'),
(1801, 175, 9, '213', '00:04:52'),
(1802, 175, 10, 'Mind Control', '00:03:04'),
(1803, 176, 1, 'Disintegration/Free Money', '00:01:41'),
(1804, 176, 2, 'Verbal Abuse/Leeches', '00:01:58'),
(1805, 176, 3, 'Abolish Government/Superficial Love', '00:01:48'),
(1806, 176, 4, 'Can\'t Stand You', '00:01:27'),
(1807, 176, 5, 'DDAMM (Drunk Drivers Against Mad Mothers)', '00:01:01'),
(1808, 176, 6, 'Guilty of Being White', '00:01:07'),
(1809, 176, 7, 'I Hate You', '00:02:16'),
(1810, 176, 8, 'Filler/I Don\'t Want to Hear It', '00:02:28'),
(1811, 176, 9, 'Spiritual Law', '00:03:00'),
(1812, 176, 10, 'Mr. Freeze', '00:02:24'),
(1813, 176, 11, 'Violent Pacification', '00:02:38'),
(1814, 176, 12, 'Richard Hung Himself', '00:03:22'),
(1815, 176, 13, 'I\'m Gonna Be Your God (I Wanna Be Your Dog)', '00:02:58'),
(1816, 176, 14, 'Gemini', '00:04:53'),
(1817, 177, 1, 'Bitter Peace', '00:04:32'),
(1818, 177, 2, 'Death\'s Head', '00:03:34'),
(1819, 177, 3, 'Stain of Mind', '00:03:24'),
(1820, 177, 4, 'Overt Enemy', '00:04:41'),
(1821, 177, 5, 'Perversions of Pain', '00:03:33'),
(1822, 177, 6, 'Love to Hate', '00:03:07'),
(1823, 177, 7, 'Desire', '00:04:19'),
(1824, 177, 8, 'In the Name of God', '00:03:40'),
(1825, 177, 9, 'Scrum', '00:02:16'),
(1826, 177, 10, 'Screaming from the Sky', '00:03:12'),
(1827, 177, 11, 'Point', '00:04:11'),
(1828, 178, 1, 'Darkness of Christ', '00:01:30'),
(1829, 178, 2, 'Disciple', '00:03:35'),
(1830, 178, 3, 'God Send Death', '00:03:45'),
(1831, 178, 4, 'New Faith', '00:03:05'),
(1832, 178, 5, 'Cast Down', '00:03:26'),
(1833, 178, 6, 'Threshold', '00:02:29'),
(1834, 178, 7, 'Exile', '00:03:55'),
(1835, 178, 8, 'Seven Faces', '00:03:41'),
(1836, 178, 9, 'Bloodline', '00:03:36'),
(1837, 178, 10, 'Deviance', '00:03:08'),
(1838, 178, 11, 'War Zone', '00:02:45'),
(1839, 178, 12, 'Here Comes the Pain', '00:04:32'),
(1840, 178, 13, 'Payback', '00:03:03'),
(1841, 179, 1, 'Flesh Storm', '00:04:14'),
(1842, 179, 2, 'Catalyst', '00:03:07'),
(1843, 179, 3, 'Skeleton Christ', '00:04:22'),
(1844, 179, 4, 'Eyes of the Insane', '00:03:23'),
(1845, 179, 5, 'Jihad', '00:03:31'),
(1846, 179, 6, 'Consfearacy', '00:03:07'),
(1847, 179, 7, 'Catatonic', '00:04:54'),
(1848, 179, 8, 'Black Serenade', '00:03:16'),
(1849, 179, 9, 'Cult', '00:04:40'),
(1850, 179, 10, 'Supremist', '00:03:51'),
(1851, 180, 1, 'World Painted Blood', '00:05:53'),
(1852, 180, 2, 'Unit 731', '00:02:39'),
(1853, 180, 3, 'Snuff', '00:03:42'),
(1854, 180, 4, 'Beauty Through Order', '00:04:36'),
(1855, 180, 5, 'Hate Worldwide', '00:02:52'),
(1856, 180, 6, 'Public Display of Dismemberment', '00:02:34'),
(1857, 180, 7, 'Human Strain', '00:03:09'),
(1858, 180, 8, 'Americon', '00:03:22'),
(1859, 180, 9, 'Psychopathy Red', '00:02:26'),
(1860, 180, 10, 'Playing with Dolls', '00:04:13'),
(1861, 180, 11, 'Not of This God', '00:04:20'),
(1862, 181, 1, 'Delusions of Saviour', '00:01:55'),
(1863, 181, 2, 'Repentless', '00:03:19'),
(1864, 181, 3, 'Take Control', '00:03:14'),
(1865, 181, 4, 'Vices', '00:03:32'),
(1866, 181, 5, 'Cast the First Stone', '00:03:43'),
(1867, 181, 6, 'When the Stillness Comes', '00:04:20'),
(1868, 181, 7, 'Chasing Death', '00:03:45'),
(1869, 181, 8, 'Implode', '00:03:49'),
(1870, 181, 9, 'Piano Wire', '00:02:49'),
(1871, 181, 10, 'Atrocity Vendor', '00:02:55'),
(1872, 181, 11, 'You Against You', '00:04:20'),
(1873, 181, 12, 'Pride in Prejudice', '00:04:14'),
(1874, 182, 1, '7,42617E+11', '00:00:36'),
(1875, 182, 2, '(sic)', '00:03:19'),
(1876, 182, 3, 'Eyeless', '00:03:56'),
(1877, 182, 4, 'Wait and Bleed', '00:02:27'),
(1878, 182, 5, 'Surfacing', '00:03:38'),
(1879, 182, 6, 'Spit It Out', '00:02:39'),
(1880, 182, 7, 'Tattered & Torn', '00:02:54'),
(1881, 182, 8, 'Frail Limb Nursery', '00:00:45'),
(1882, 182, 9, 'Purity', '00:04:25'),
(1883, 182, 10, 'Liberate', '00:03:06'),
(1884, 182, 11, 'Prosthetics', '00:04:58'),
(1885, 182, 12, 'No Life', '00:02:47'),
(1886, 182, 13, 'Diluted', '00:03:23'),
(1887, 182, 14, 'Only One', '00:02:26'),
(1888, 182, 15, 'Scissors', '00:19:15'),
(1889, 183, 1, '-515', '00:00:59'),
(1890, 183, 2, 'People = Shit', '00:03:35'),
(1891, 183, 3, 'Disasterpiece', '00:05:08'),
(1892, 183, 4, 'My Plague', '00:03:40'),
(1893, 183, 5, 'Everything Ends', '00:04:14'),
(1894, 183, 6, 'The Heretic Anthem', '00:04:13'),
(1895, 183, 7, 'Gently', '00:04:54'),
(1896, 183, 8, 'Left Behind', '00:04:01'),
(1897, 183, 9, 'The Shape', '00:03:37'),
(1898, 183, 10, 'I Am Hated', '00:02:37'),
(1899, 183, 11, 'Skin Ticket', '00:06:41'),
(1900, 183, 12, 'New Abortion', '00:03:36'),
(1901, 183, 13, 'Metabolic', '00:03:59'),
(1902, 183, 14, 'Iowa', '00:15:03'),
(1903, 184, 1, 'Prelude 3.0', '00:03:57'),
(1904, 184, 2, 'The Blister Exists', '00:05:19'),
(1905, 184, 3, 'Three Nil', '00:04:48'),
(1906, 184, 4, 'Duality', '00:04:12'),
(1907, 184, 5, 'Opium of the People', '00:03:12'),
(1908, 184, 6, 'Circle', '00:04:22'),
(1909, 184, 7, 'Welcome', '00:03:15'),
(1910, 184, 8, 'Vermilion', '00:05:16'),
(1911, 184, 9, 'Pulse of the Maggots', '00:04:19'),
(1912, 184, 10, 'Before I Forget', '00:04:38'),
(1913, 184, 11, 'Vermilion Pt. 2', '00:03:44'),
(1914, 184, 12, 'The Nameless', '00:04:28'),
(1915, 184, 13, 'The Virus of Life', '00:05:25'),
(1916, 184, 14, 'Danger – Keep Away', '00:03:13'),
(1917, 185, 1, '.execute.', '00:01:49'),
(1918, 185, 2, 'Gematria (The Killing Name)', '00:06:02'),
(1919, 185, 3, 'Sulfur', '00:04:38'),
(1920, 185, 4, 'Psychosocial', '00:04:44'),
(1921, 185, 5, 'Dead Memories', '00:04:30'),
(1922, 185, 6, 'Vendetta', '00:05:17'),
(1923, 185, 7, 'Butcher\'s Hook', '00:04:16'),
(1924, 185, 8, 'Gehenna', '00:06:53'),
(1925, 185, 9, 'This Cold Black', '00:04:42'),
(1926, 185, 10, 'Wherein Lies Continue', '00:05:38'),
(1927, 185, 11, 'Snuff', '00:04:36'),
(1928, 185, 12, 'All Hope Is Gone', '00:04:47'),
(1929, 186, 1, 'XIX', '00:03:10'),
(1930, 186, 2, 'Sarcastrophe', '00:05:06'),
(1931, 186, 3, 'AOV', '00:05:32'),
(1932, 186, 4, 'The Devil in I', '00:05:42'),
(1933, 186, 5, 'Killpop', '00:03:45'),
(1934, 186, 6, 'Skeptic', '00:04:46'),
(1935, 186, 7, 'Lech', '00:04:50'),
(1936, 186, 8, 'Goodbye', '00:04:35'),
(1937, 186, 9, 'Nomadic', '00:04:18'),
(1938, 186, 10, 'The One That Kills the Least', '00:04:11'),
(1939, 186, 11, 'Custer', '00:04:14'),
(1940, 186, 12, 'Be Prepared for Hell', '00:01:57'),
(1941, 186, 13, 'The Negative One', '00:05:25'),
(1942, 186, 14, 'If Rain Is What You Want', '00:06:20'),
(1943, 187, 1, 'Insert Coin', '00:01:38'),
(1944, 187, 2, 'Unsainted', '00:04:20'),
(1945, 187, 3, 'Birth of the Cruel', '00:04:35'),
(1946, 187, 4, 'Death Because of Death', '00:01:20'),
(1947, 187, 5, 'Nero Forte', '00:05:15'),
(1948, 187, 6, 'Critical Darling', '00:06:25'),
(1949, 187, 7, 'A Liar\'s Funeral', '00:05:27'),
(1950, 187, 8, 'Red Flag', '00:04:11'),
(1951, 187, 9, 'What\'s Next', '00:00:53'),
(1952, 187, 10, 'Spiders', '00:04:03'),
(1953, 187, 11, 'Orphan', '00:06:01'),
(1954, 187, 12, 'My Pain', '00:06:48'),
(1955, 187, 13, 'Not Long for This World', '00:06:35'),
(1956, 187, 14, 'Solway Firth', '00:05:56'),
(1957, 188, 1, 'Adderall', '00:05:40'),
(1958, 188, 2, 'The Dying Song (Time to Sing)', '00:03:23'),
(1959, 188, 3, 'The Chapeltown Rag', '00:04:51'),
(1960, 188, 4, 'Yen', '00:04:45'),
(1961, 188, 5, 'Hive Mind', '00:05:15'),
(1962, 188, 6, 'Warranty', '00:03:51'),
(1963, 188, 7, 'Medicine for the Dead', '00:06:16'),
(1964, 188, 8, 'Acidic', '00:04:50'),
(1965, 188, 9, 'Heirloom', '00:03:31'),
(1966, 188, 10, 'H377', '00:04:23'),
(1967, 188, 11, 'De Sade', '00:05:39'),
(1968, 188, 12, 'Finale', '00:05:07'),
(1969, 189, 1, 'Get Inside', '00:03:13'),
(1970, 189, 2, 'Orchids', '00:04:24'),
(1971, 189, 3, 'Cold Reader', '00:03:41'),
(1972, 189, 4, 'Blotter', '00:04:02'),
(1973, 189, 5, 'Choose', '00:04:17'),
(1974, 189, 6, 'Monolith', '00:03:45'),
(1975, 189, 7, 'Inhale', '00:04:25'),
(1976, 189, 8, 'Bother', '00:04:00'),
(1977, 189, 9, 'Blue Study', '00:04:37'),
(1978, 189, 10, 'Take a Number', '00:03:42'),
(1979, 189, 11, 'Idle Hands', '00:03:56'),
(1980, 189, 12, 'Tumult', '00:04:03'),
(1981, 189, 13, 'Omega', '00:02:52'),
(1982, 190, 1, '30/30-150', '00:04:18'),
(1983, 190, 2, 'Come What(ever) May', '00:03:39'),
(1984, 190, 3, 'Hell & Consequences', '00:03:31'),
(1985, 190, 4, 'Sillyworld', '00:04:08'),
(1986, 190, 5, 'Made of Scars', '00:03:23'),
(1987, 190, 6, 'Reborn', '00:03:11'),
(1988, 190, 7, 'Your God', '00:04:44'),
(1989, 190, 8, 'Through Glass', '00:04:42'),
(1990, 190, 9, 'Socio', '00:03:20'),
(1991, 190, 10, '1st Person', '00:04:01'),
(1992, 190, 11, 'Cardiff', '00:04:42'),
(1993, 190, 12, 'Zzyzx Rd.', '00:05:15'),
(1994, 191, 1, 'Audio Secrecy', '00:01:44'),
(1995, 191, 2, 'Mission Statement', '00:03:51'),
(1996, 191, 3, 'Digital (Did You Tell)', '00:04:01'),
(1997, 191, 4, 'Say You\'ll Haunt Me', '00:04:25'),
(1998, 191, 5, 'Dying', '00:03:02'),
(1999, 191, 6, 'Let\'s Be Honest', '00:03:45'),
(2000, 191, 7, 'Unfinished', '00:03:11'),
(2001, 191, 8, 'Hesitate', '00:04:17'),
(2002, 191, 9, 'Nylon 6/6', '00:03:39'),
(2003, 191, 10, 'Miracles', '00:04:08'),
(2004, 191, 11, 'Pieces', '00:04:31'),
(2005, 191, 12, 'The Bitter End', '00:03:34'),
(2006, 191, 13, 'Imperfect', '00:04:23'),
(2007, 191, 14, 'Threadbare', '00:05:47'),
(2008, 192, 1, 'Gone Sovereign', '00:04:03'),
(2009, 192, 2, 'Absolute Zero', '00:03:50'),
(2010, 192, 3, 'A Rumor of Skin', '00:04:11'),
(2011, 192, 4, 'The Travelers, Pt. 1', '00:02:27'),
(2012, 192, 5, 'Tired', '00:04:12'),
(2013, 192, 6, 'RU486', '00:04:22'),
(2014, 192, 7, 'My Name Is Allen', '00:04:18'),
(2015, 192, 8, 'Taciturn', '00:05:26'),
(2016, 192, 9, 'Influence of a Drowsy God', '00:04:29'),
(2017, 192, 10, 'The Travelers, Pt. 2', '00:03:02'),
(2018, 192, 11, 'Last of the Real', '00:03:01'),
(2019, 193, 1, 'Red City', '00:04:39'),
(2020, 193, 2, 'Black John', '00:04:03'),
(2021, 193, 3, 'Sadist', '00:05:08'),
(2022, 193, 4, 'Peckinpah', '00:04:11'),
(2023, 193, 5, 'Stalemate', '00:04:48'),
(2024, 193, 6, 'Gravesend', '00:04:41'),
(2025, 193, 7, '\'82', '00:03:42'),
(2026, 193, 8, 'The Uncanny Valley', '00:04:02'),
(2027, 193, 9, 'Blue Smoke', '00:02:07'),
(2028, 193, 10, 'Do Me a Favor', '00:03:44'),
(2029, 193, 11, 'The Conflagration', '00:04:56'),
(2030, 193, 12, 'The House of Gold & Bones', '00:04:45'),
(2031, 194, 1, 'YSIF', '00:02:02'),
(2032, 194, 2, 'Taipei Person/Allah Tea', '00:05:16'),
(2033, 194, 3, 'Knievel Has Landed', '00:04:01'),
(2034, 194, 4, 'Hydrograd', '00:04:37'),
(2035, 194, 5, 'Song #3', '00:04:16'),
(2036, 194, 6, 'Fabuless', '00:04:00'),
(2037, 194, 7, 'The Witness Trees', '00:04:45'),
(2038, 194, 8, 'Rose Red Violent Blue (This Song Is Dumb & So Am I)', '00:04:56'),
(2039, 194, 9, 'Thank God It\'s Over', '00:03:36'),
(2040, 194, 10, 'St. Marie', '00:04:27'),
(2041, 194, 11, 'Mercy', '00:03:23'),
(2042, 194, 12, 'Whiplash Pants', '00:04:19'),
(2043, 194, 13, 'Friday Knights', '00:05:17'),
(2044, 194, 14, 'Somebody Stole My Eyes', '00:03:47'),
(2045, 194, 15, 'When the Fever Broke', '00:06:32'),
(2046, 195, 1, '10:15 Saturday Night', '00:03:42'),
(2047, 195, 2, 'Accuracy', '00:02:17'),
(2048, 195, 3, 'Grinding Halt', '00:02:49'),
(2049, 195, 4, 'Another Day', '00:03:44'),
(2050, 195, 5, 'Object', '00:03:03'),
(2051, 195, 6, 'Subway Song', '00:02:00'),
(2052, 195, 7, 'Foxy Lady', '00:02:29'),
(2053, 195, 8, 'Meat Hook', '00:02:17'),
(2054, 195, 9, 'So What', '00:02:37'),
(2055, 195, 10, 'Fire in Cairo', '00:03:23'),
(2056, 195, 11, 'It\'s Not You', '00:02:49'),
(2057, 195, 12, 'Three Imaginary Boys', '00:03:17'),
(2058, 195, 13, 'The Weedy Burton', '00:01:04'),
(2059, 196, 1, 'Boys Don\'t Cry', '00:02:37'),
(2060, 196, 2, 'Plastic Passion', '00:02:15'),
(2061, 196, 3, '10:15 Saturday Night', '00:03:40'),
(2062, 196, 4, 'Accuracy', '00:02:16'),
(2063, 196, 5, 'Object', '00:03:03'),
(2064, 196, 6, 'Jumping Someone Else\'s Train', '00:02:58'),
(2065, 196, 7, 'Subway Song', '00:01:54'),
(2066, 196, 8, 'Killing an Arab', '00:02:22'),
(2067, 196, 9, 'Fire in Cairo', '00:03:21'),
(2068, 196, 10, 'Another Day', '00:03:43'),
(2069, 196, 11, 'Grinding Halt', '00:02:49'),
(2070, 196, 12, 'World War', '00:02:36'),
(2071, 196, 13, 'Three Imaginary Boys', '00:03:14'),
(2072, 197, 1, 'The Holy Hour', '00:04:25'),
(2073, 197, 2, 'Primary', '00:03:35'),
(2074, 197, 3, 'Other Voices', '00:04:28'),
(2075, 197, 4, 'All Cats Are Grey', '00:05:28'),
(2076, 197, 5, 'The Funeral Party', '00:04:14'),
(2077, 197, 6, 'Doubt', '00:03:11'),
(2078, 197, 7, 'The Drowning Man', '00:04:50'),
(2079, 197, 8, 'Faith', '00:06:43'),
(2080, 198, 1, 'One Hundred Years', '00:06:40'),
(2081, 198, 2, 'A Short Term Effect', '00:04:22'),
(2082, 198, 3, 'The Hanging Garden', '00:04:33'),
(2083, 198, 4, 'Siamese Twins', '00:05:29'),
(2084, 198, 5, 'The Figurehead', '00:06:15'),
(2085, 198, 6, 'A Strange Day', '00:05:04'),
(2086, 198, 7, 'Cold', '00:04:26'),
(2087, 198, 8, 'Pornography', '00:06:27'),
(2088, 199, 1, 'Shake Dog Shake', '00:04:55'),
(2089, 199, 2, 'Bird Mad Girl', '00:04:05'),
(2090, 199, 3, 'Wailing Wall', '00:05:17'),
(2091, 199, 4, 'Give Me It', '00:03:42'),
(2092, 199, 5, 'Dressing Up', '00:02:51'),
(2093, 199, 6, 'The Caterpillar ', '00:03:40'),
(2094, 199, 7, 'Piggy in the Mirror', '00:03:40'),
(2095, 199, 8, 'The Empty World', '00:02:36'),
(2096, 199, 9, 'Bananafishbones', '00:03:12'),
(2097, 199, 10, 'The Top', '00:06:50'),
(2098, 200, 1, 'In Between Days', '00:02:57'),
(2099, 200, 2, 'Kyoto Song', '00:04:16'),
(2100, 200, 3, 'The Blood', '00:03:43'),
(2101, 200, 4, 'Six Different Ways', '00:03:18'),
(2102, 200, 5, 'Push', '00:04:31'),
(2103, 200, 6, 'The Baby Screams', '00:03:44'),
(2104, 200, 7, 'Close to Me', '00:03:23'),
(2105, 200, 8, 'A Night Like This', '00:04:16'),
(2106, 200, 9, 'Screw', '00:02:38'),
(2107, 200, 10, 'Sinking', '00:04:57'),
(2108, 201, 1, 'The Kiss', '00:06:17'),
(2109, 201, 2, 'Catch', '00:02:42'),
(2110, 201, 3, 'Torture', '00:04:13'),
(2111, 201, 4, 'If Only Tonight We Could Sleep', '00:04:50'),
(2112, 201, 5, 'Why Can\'t I Be You?', '00:03:11'),
(2113, 201, 6, 'How Beautiful You Are...', '00:05:10'),
(2114, 201, 7, 'The Snakepit', '00:06:56'),
(2115, 201, 8, 'Hey You!', '00:02:22'),
(2116, 201, 9, 'Just Like Heaven', '00:03:30'),
(2117, 201, 10, 'All I Want', '00:05:18'),
(2118, 201, 11, 'Hot Hot Hot!!!', '00:03:32'),
(2119, 201, 12, 'One More Time', '00:04:29'),
(2120, 201, 13, 'Like Cockatoos', '00:03:38'),
(2121, 201, 14, 'Icing Sugar', '00:03:48'),
(2122, 201, 15, 'The Perfect Girl', '00:02:34'),
(2123, 201, 16, 'A Thousand Hours', '00:03:21'),
(2124, 201, 17, 'Shiver and Shake', '00:03:26'),
(2125, 201, 18, 'Fight', '00:04:27'),
(2126, 202, 1, 'Plainsong', '00:05:12'),
(2127, 202, 2, 'Pictures of You', '00:07:24'),
(2128, 202, 3, 'Closedown', '00:04:16'),
(2129, 202, 4, 'Lovesong', '00:03:29'),
(2130, 202, 5, 'Last Dance', '00:04:42'),
(2131, 202, 6, 'Lullaby', '00:04:08'),
(2132, 202, 7, 'Fascination Street', '00:05:16'),
(2133, 202, 8, 'Prayers for Rain', '00:06:05'),
(2134, 202, 9, 'The Same Deep Water as You', '00:09:19'),
(2135, 202, 10, 'Disintegration', '00:08:18'),
(2136, 202, 11, 'Homesick', '00:07:06'),
(2137, 202, 12, 'Untitled', '00:06:30'),
(2138, 203, 1, 'Open', '00:06:51'),
(2139, 203, 2, 'High', '00:03:37'),
(2140, 203, 3, 'Apart', '00:06:40'),
(2141, 203, 4, 'From the Edge of the Deep Green Sea', '00:07:44'),
(2142, 203, 5, 'Wendy Time', '00:05:13'),
(2143, 203, 6, 'Doing the Unstuck', '00:04:24'),
(2144, 203, 7, 'Friday I\'m in Love', '00:03:39'),
(2145, 203, 8, 'Trust', '00:05:33'),
(2146, 203, 9, 'A Letter to Elise', '00:05:14'),
(2147, 203, 10, 'Cut', '00:05:55'),
(2148, 203, 11, 'To Wish Impossible Things', '00:04:43'),
(2149, 203, 12, 'End', '00:06:45'),
(2150, 204, 1, 'Want', '00:05:06'),
(2151, 204, 2, 'Club America', '00:05:02'),
(2152, 204, 3, 'This Is a Lie', '00:04:29'),
(2153, 204, 4, 'The 13th', '00:04:08'),
(2154, 204, 5, 'Strange Attraction', '00:04:19'),
(2155, 204, 6, 'Mint Car', '00:03:32'),
(2156, 204, 7, 'Jupiter Crash', '00:04:15'),
(2157, 204, 8, 'Round & Round & Round', '00:02:39'),
(2158, 204, 9, 'Gone!', '00:04:31'),
(2159, 204, 10, 'Numb', '00:04:49'),
(2160, 204, 11, 'Return', '00:03:28'),
(2161, 204, 12, 'Trap', '00:03:37'),
(2162, 204, 13, 'Treasure', '00:03:45'),
(2163, 204, 14, 'Bare', '00:07:57'),
(2164, 205, 1, 'Out of This World', '00:06:44'),
(2165, 205, 2, 'Watching Me Fall', '00:11:13'),
(2166, 205, 3, 'Where the Birds Always Sing', '00:05:44'),
(2167, 205, 4, 'Maybe Someday', '00:05:04'),
(2168, 205, 5, 'Coming Up', '00:06:27'),
(2169, 205, 6, 'The Last Day of Summer', '00:05:36'),
(2170, 205, 7, 'There Is No If...', '00:03:44'),
(2171, 205, 8, 'The Loudest Sound', '00:05:09'),
(2172, 205, 9, '39', '00:07:20'),
(2173, 205, 10, 'Bloodflowers', '00:07:31'),
(2174, 206, 1, 'Lost', '00:04:07'),
(2175, 206, 2, 'Labyrinth', '00:05:14'),
(2176, 206, 3, 'Before Three', '00:04:40'),
(2177, 206, 4, 'Truth, Goodness and Beauty', '00:04:20'),
(2178, 206, 5, 'The End of the World', '00:03:44'),
(2179, 206, 6, 'Anniversary', '00:04:22'),
(2180, 206, 7, 'Us or Them', '00:04:09'),
(2181, 206, 8, 'Fake', '00:04:43'),
(2182, 206, 9, 'alt.end', '00:04:30'),
(2183, 206, 10, '(I Don\'t Know What\'s Going) On', '00:02:57'),
(2184, 206, 11, 'Taking Off', '00:03:19'),
(2185, 206, 12, 'Never', '00:04:04'),
(2186, 206, 13, 'The Promise', '00:10:21'),
(2187, 206, 14, 'Going Nowhere', '00:03:28'),
(2188, 207, 1, 'Underneath the Stars', '00:06:17'),
(2189, 207, 2, 'The Only One', '00:03:57'),
(2190, 207, 3, 'The Reasons Why', '00:04:35'),
(2191, 207, 4, 'Freakshow', '00:02:30'),
(2192, 207, 5, 'Sirensong', '00:02:22'),
(2193, 207, 6, 'The Real Snow White', '00:04:43'),
(2194, 207, 7, 'The Hungry Ghost', '00:04:29'),
(2195, 207, 8, 'Switch', '00:03:44'),
(2196, 207, 9, 'The Perfect Boy', '00:03:21'),
(2197, 207, 10, 'This. Here and Now. With You', '00:04:06'),
(2198, 207, 11, 'Sleep When I\'m Dead', '00:03:51'),
(2199, 207, 12, 'The Scream', '00:04:37'),
(2200, 207, 13, 'It\'s Over', '00:04:16'),
(2201, 208, 1, 'Child\'s Anthem', '00:02:46'),
(2202, 208, 2, 'I\'ll Supply the Love', '00:03:46'),
(2203, 208, 3, 'Georgy Porgy', '00:04:09'),
(2204, 208, 4, 'Manuela Run', '00:03:54'),
(2205, 208, 5, 'You Are the Flower', '00:04:11'),
(2206, 208, 6, 'Girl Goodbye', '00:06:13'),
(2207, 208, 7, 'Takin\' It Back', '00:03:47'),
(2208, 208, 8, 'Rockmaker', '00:03:19'),
(2209, 208, 9, 'Hold the Line', '00:03:56'),
(2210, 208, 10, 'Angela', '00:05:31'),
(2211, 209, 1, 'Hydra', '00:07:31'),
(2212, 209, 2, 'St. George and the Dragon', '00:04:45'),
(2213, 209, 3, '99', '00:05:16'),
(2214, 209, 4, 'Lorraine', '00:04:46'),
(2215, 209, 5, 'All Us Boys', '00:05:03'),
(2216, 209, 6, 'Mama', '00:05:14'),
(2217, 209, 7, 'White Sister', '00:05:39'),
(2218, 209, 8, 'A Secret Love', '00:03:07'),
(2219, 210, 1, 'Gift with a Golden Gun', '00:04:00'),
(2220, 210, 2, 'English Eyes', '00:06:11'),
(2221, 210, 3, 'Live for Today', '00:04:00'),
(2222, 210, 4, 'A Million Miles Away', '00:04:26'),
(2223, 210, 5, 'Goodbye Elenore', '00:04:52'),
(2224, 210, 6, 'I Think I Could Stand You Forever', '00:05:25'),
(2225, 210, 7, 'Turn Back', '00:03:58'),
(2226, 210, 8, 'If It\'s the Last Night', '00:04:28'),
(2227, 211, 1, 'Rosanna', '00:05:31'),
(2228, 211, 2, 'Make Believe', '00:03:43'),
(2229, 211, 3, 'I Won\'t Hold You Back', '00:04:53'),
(2230, 211, 4, 'Good for You', '00:03:17'),
(2231, 211, 5, 'It\'s a Feeling', '00:03:05'),
(2232, 211, 6, 'Afraid of Love', '00:03:52'),
(2233, 211, 7, 'Lovers in the Night', '00:04:25'),
(2234, 211, 8, 'We Made It', '00:03:56'),
(2235, 211, 9, 'Waiting for Your Love', '00:04:12'),
(2236, 211, 10, 'Africa', '00:04:55'),
(2237, 212, 1, 'Carmen', '00:03:25'),
(2238, 212, 2, 'Lion', '00:04:46'),
(2239, 212, 3, 'Stranger in Town', '00:04:47'),
(2240, 212, 4, 'Angel Don\'t Cry', '00:04:21'),
(2241, 212, 5, 'How Does It Feel', '00:03:50'),
(2242, 212, 6, 'Endless', '00:03:40'),
(2243, 212, 7, 'Isolation', '00:04:04'),
(2244, 212, 8, 'Mr. Friendly', '00:04:22'),
(2245, 212, 9, 'Change of Heart', '00:04:08'),
(2246, 212, 10, 'Holyanna', '00:04:19'),
(2247, 213, 1, 'Till the End', '00:05:17'),
(2248, 213, 2, 'We Can Make It Tonight', '00:04:16'),
(2249, 213, 3, 'Without Your Love', '00:04:33'),
(2250, 213, 4, 'Can\'t Stand It Any Longer', '00:04:40'),
(2251, 213, 5, 'I\'ll Be Over You', '00:03:50'),
(2252, 213, 6, 'Fahrenheit', '00:04:39'),
(2253, 213, 7, 'Somewhere Tonight', '00:03:46'),
(2254, 213, 8, 'Could This Be Love', '00:05:14'),
(2255, 213, 9, 'Lea', '00:04:29'),
(2256, 213, 10, 'Don\'t Stop Me Now', '00:03:05'),
(2257, 214, 1, 'Pamela', '00:05:11'),
(2258, 214, 2, 'You Got Me', '00:03:11'),
(2259, 214, 3, 'Anna', '00:04:58'),
(2260, 214, 4, 'Stop Loving You', '00:04:29'),
(2261, 214, 5, 'Mushanga', '00:05:35'),
(2262, 214, 6, 'Stay Away', '00:05:31'),
(2263, 214, 7, 'Straight for the Heart', '00:04:09'),
(2264, 214, 8, 'Only the Children', '00:04:11'),
(2265, 214, 9, 'A Thousand Years', '00:04:53'),
(2266, 214, 10, 'These Chains', '00:04:59'),
(2267, 214, 11, 'Home of the Brave', '00:06:51'),
(2268, 215, 1, 'Gypsy Train', '00:06:45'),
(2269, 215, 2, 'Don\'t Chain My Heart', '00:04:46'),
(2270, 215, 3, 'Never Enough', '00:05:45'),
(2271, 215, 4, 'How Many Times', '00:05:42'),
(2272, 215, 5, '2 Hearts', '00:05:13'),
(2273, 215, 6, 'Wings of Time', '00:07:27'),
(2274, 215, 7, 'She Knows the Devil', '00:05:25'),
(2275, 215, 8, 'The Other Side', '00:04:41'),
(2276, 215, 9, 'Only You', '00:04:28'),
(2277, 215, 10, 'Kick Down the Walls†', '00:04:54'),
(2278, 215, 11, 'Kingdom of Desire', '00:07:16'),
(2279, 215, 12, 'Jake to the Bone', '00:07:05'),
(2280, 216, 1, 'Gift of Faith', '00:07:23'),
(2281, 216, 2, 'I Will Remember', '00:06:06'),
(2282, 216, 3, 'Slipped Away', '00:05:16'),
(2283, 216, 4, 'If You Belong to Me', '00:05:03'),
(2284, 216, 5, 'Baby He\'s Your Man', '00:05:40'),
(2285, 216, 6, 'The Other End of Time', '00:05:04'),
(2286, 216, 7, 'The Turning Point', '00:05:25'),
(2287, 216, 8, 'Time Is the Enemy', '00:05:40'),
(2288, 216, 9, 'Drag Him to the Roof', '00:06:10'),
(2289, 216, 10, 'Just Can\'t Get to You', '00:05:03'),
(2290, 216, 11, 'Dave\'s Gone Skiing', '00:04:59'),
(2291, 216, 12, 'The Road Goes On', '00:04:26'),
(2292, 216, 13, 'Blackeye', '00:03:53'),
(2293, 217, 1, 'After You\'ve Gone', '00:06:37'),
(2294, 217, 2, 'Mysterious Ways', '00:03:42'),
(2295, 217, 3, 'Mindfields', '00:06:04'),
(2296, 217, 4, 'High Price of Hate1', '00:09:22'),
(2297, 217, 5, 'Selfish', '00:05:30'),
(2298, 217, 6, 'No Love', '00:04:34'),
(2299, 217, 7, 'Caught in the Balance', '00:06:21'),
(2300, 217, 8, 'Last Love', '00:04:58'),
(2301, 217, 9, 'Mad About You', '00:04:24'),
(2302, 217, 10, 'One Road', '00:03:45'),
(2303, 217, 11, 'Melanie', '00:05:19'),
(2304, 217, 12, 'Cruel', '00:05:57'),
(2305, 217, 13, 'Better World (Parts I, II & III)', '00:07:50'),
(2306, 217, 14, 'Spanish Steps Of Rome2', '00:04:27'),
(2307, 218, 1, 'Could You Be Loved', '00:03:47'),
(2308, 218, 2, 'Bodhisattva', '00:04:51'),
(2309, 218, 3, 'While My Guitar Gently Weeps', '00:05:15'),
(2310, 218, 4, 'I Can\'t Get Next to You', '00:04:04'),
(2311, 218, 5, 'Living for the City', '00:05:49'),
(2312, 218, 6, 'Maiden Voyage / Butterfly', '00:07:33');
INSERT INTO `song` (`id`, `album_id`, `song_order`, `title`, `time`) VALUES
(2313, 218, 7, 'Burn Down the Mission', '00:06:28'),
(2314, 218, 8, 'Sunshine of Your Love', '00:05:13'),
(2315, 218, 9, 'House of the Rising Sun', '00:04:40'),
(2316, 218, 10, 'Watching the Detectives', '00:04:04'),
(2317, 218, 11, 'It Takes a Lot to Laugh, It Takes a Train to Cry (Live)', '00:03:52'),
(2318, 219, 1, 'Falling in Between', '00:04:06'),
(2319, 219, 2, 'Dying on My Feet', '00:06:11'),
(2320, 219, 3, 'Bottom of Your Soul', '00:06:58'),
(2321, 219, 4, 'King of the World', '00:04:04'),
(2322, 219, 5, 'Hooked', '00:04:36'),
(2323, 219, 6, 'Simple Life', '00:02:22'),
(2324, 219, 7, 'Taint Your World', '00:04:01'),
(2325, 219, 8, 'Let It Go', '00:05:00'),
(2326, 219, 9, 'Spiritual Man', '00:05:22'),
(2327, 219, 10, 'No End in Sight', '00:06:10'),
(2328, 219, 11, 'The Reeferman', '00:01:46'),
(2329, 220, 1, 'Running Out of Time', '00:04:06'),
(2330, 220, 2, 'Burn', '00:04:56'),
(2331, 220, 3, 'Holy War', '00:05:24'),
(2332, 220, 4, '21st Century Blues', '00:06:08'),
(2333, 220, 5, 'Orphan', '00:03:55'),
(2334, 220, 6, 'Unknown Soldier (For Jeffrey)', '00:05:06'),
(2335, 220, 7, 'The Little Things', '00:04:34'),
(2336, 220, 8, 'Chinatown', '00:05:07'),
(2337, 220, 9, 'All the Tears That Shine', '00:05:09'),
(2338, 220, 10, 'Fortune', '00:04:46'),
(2339, 220, 11, 'Great Expectations', '00:06:48'),
(2340, 221, 1, 'Alone', '00:04:32'),
(2341, 221, 2, 'Devil\'s Tower', '00:03:44'),
(2342, 221, 3, 'Fearful Heart', '00:03:52'),
(2343, 221, 4, 'Spanish Sea', '00:04:25'),
(2344, 221, 5, 'In a Little While', '00:04:49'),
(2345, 221, 6, 'Chelsea', '00:04:51'),
(2346, 221, 7, 'Chase the Rain', '00:03:16'),
(2347, 221, 8, 'Oh Why?', '00:03:55'),
(2348, 221, 9, 'Struck by Lightning', '00:04:17'),
(2349, 221, 10, 'We\'ll Keep On Running', '00:04:41'),
(2350, 222, 1, 'Take Me with You', '00:04:45'),
(2351, 222, 2, 'Love to Keep You Warm', '00:03:44'),
(2352, 222, 3, 'Lie Down (A Modern Love Song)', '00:03:14'),
(2353, 222, 4, 'Day Tripper', '00:03:47'),
(2354, 222, 5, 'Nighthawk (Vampire Blues)', '00:03:39'),
(2355, 222, 6, 'The Time Is Right for Love', '00:03:26'),
(2356, 222, 7, 'Trouble', '00:04:48'),
(2357, 222, 8, 'Belgian Tom\'s Hat Trick', '00:03:26'),
(2358, 222, 9, 'Free Flight', '00:04:06'),
(2359, 222, 10, 'Don\'t Mess with Me', '00:03:25'),
(2360, 223, 1, 'Long Way from Home', '00:04:58'),
(2361, 223, 2, 'Walking in the Shadow of the Blues', '00:04:26'),
(2362, 223, 3, 'Help Me Thro\' the Day', '00:04:40'),
(2363, 223, 4, 'Medicine Man', '00:04:00'),
(2364, 223, 5, 'You \'n\' Me', '00:03:25'),
(2365, 223, 6, 'Mean Business', '00:03:49'),
(2366, 223, 7, 'Love Hunter', '00:05:38'),
(2367, 223, 8, 'Outlaw', '00:04:04'),
(2368, 223, 9, 'Rock \'n\' Roll Women', '00:04:44'),
(2369, 223, 10, 'We Wish You Well', '00:01:39'),
(2370, 224, 1, 'Fool for Your Loving', '00:04:17'),
(2371, 224, 2, 'Sweet Talker', '00:03:38'),
(2372, 224, 3, 'Ready an\' Willing', '00:03:44'),
(2373, 224, 4, 'Carry Your Load', '00:04:06'),
(2374, 224, 5, 'Blindman', '00:05:09'),
(2375, 224, 6, 'Ain\'t Gonna Cry No More', '00:05:52'),
(2376, 224, 7, 'Love Man', '00:05:04'),
(2377, 224, 8, 'Black and Blue', '00:04:06'),
(2378, 224, 9, 'She\'s a Woman', '00:04:07'),
(2379, 225, 1, 'Come an\' Get It', '00:03:59'),
(2380, 225, 2, 'Hot Stuff', '00:03:22'),
(2381, 225, 3, 'Don\'t Break My Heart Again', '00:04:03'),
(2382, 225, 4, 'Lonely Days, Lonely Nights', '00:04:16'),
(2383, 225, 5, 'Wine, Women an\' Song', '00:03:45'),
(2384, 225, 6, 'Child of Babylon', '00:04:48'),
(2385, 225, 7, 'Would I Lie to You', '00:04:29'),
(2386, 225, 8, 'Girl', '00:03:55'),
(2387, 225, 9, 'Hit an\' Run', '00:03:23'),
(2388, 225, 10, 'Till the Day I Die', '00:04:23'),
(2389, 226, 1, 'Young Blood', '00:03:30'),
(2390, 226, 2, 'Rough an\' Ready', '00:02:52'),
(2391, 226, 3, 'Bloody Luxury', '00:03:23'),
(2392, 226, 4, 'Victim of Love', '00:03:33'),
(2393, 226, 5, 'Crying in the Rain', '00:06:00'),
(2394, 226, 6, 'Here I Go Again', '00:05:08'),
(2395, 226, 7, 'Love an\' Affection', '00:03:09'),
(2396, 226, 8, 'Rock an\' Roll Angels', '00:04:07'),
(2397, 226, 9, 'Dancing Girls', '00:03:10'),
(2398, 226, 10, 'Saints an\' Sinners', '00:04:25'),
(2399, 227, 1, 'Gambler', '00:03:57'),
(2400, 227, 2, 'Slide It In', '00:03:20'),
(2401, 227, 3, 'Standing in the Shadow', '00:03:32'),
(2402, 227, 4, 'Give Me More Time', '00:03:41'),
(2403, 227, 5, 'Love Ain\'t No Stranger', '00:04:13'),
(2404, 227, 6, 'Slow an\' Easy', '00:06:09'),
(2405, 227, 7, 'Spit It Out', '00:04:11'),
(2406, 227, 8, 'All or Nothing', '00:03:34'),
(2407, 227, 9, 'Hungry for Love', '00:03:57'),
(2408, 227, 10, 'Guilty of Love', '00:03:18'),
(2409, 228, 1, 'Crying in the Rain \'87', '00:05:37'),
(2410, 228, 2, 'Bad Boys', '00:04:09'),
(2411, 228, 3, 'Still of the Night', '00:06:38'),
(2412, 228, 4, 'Here I Go Again \'87', '00:04:33'),
(2413, 228, 5, 'Give Me All Your Love', '00:03:30'),
(2414, 228, 6, 'Is This Love', '00:04:43'),
(2415, 228, 7, 'Children of the Night', '00:04:24'),
(2416, 228, 8, 'Straight for the Heart', '00:03:40'),
(2417, 228, 9, 'Don\'t Turn Away', '00:05:11'),
(2418, 229, 1, 'Slip of the Tongue', '00:05:20'),
(2419, 229, 2, 'Cheap an\' Nasty', '00:03:28'),
(2420, 229, 3, 'Fool for Your Loving \'89', '00:04:10'),
(2421, 229, 4, 'Now You\'re Gone', '00:04:11'),
(2422, 229, 5, 'Kittens Got Claws', '00:05:00'),
(2423, 229, 6, 'Wings of the Storm', '00:05:00'),
(2424, 229, 7, 'The Deeper the Love', '00:04:22'),
(2425, 229, 8, 'Judgment Day', '00:05:15'),
(2426, 229, 9, 'Slow Poke Music', '00:03:59'),
(2427, 229, 10, 'Sailing Ships', '00:06:02'),
(2428, 230, 1, 'Don\'t Fade Away', '00:05:02'),
(2429, 230, 2, 'All in the Name of Love', '00:04:42'),
(2430, 230, 3, 'Restless Heart', '00:04:50'),
(2431, 230, 4, 'Too Many Tears', '00:05:44'),
(2432, 230, 5, 'Crying', '00:05:34'),
(2433, 230, 6, 'Stay with Me (Lorraine Ellison cover)', '00:04:09'),
(2434, 230, 7, 'Can\'t Go On', '00:04:27'),
(2435, 230, 8, 'You\'re So Fine', '00:04:34'),
(2436, 230, 9, 'Your Precious Love', '00:04:48'),
(2437, 230, 10, 'Take Me Back Again', '00:06:02'),
(2438, 230, 11, 'Woman Trouble Blues', '00:05:35'),
(2439, 231, 1, 'Best Years', '00:05:16'),
(2440, 231, 2, 'Can You Hear the Wind Blow', '00:05:03'),
(2441, 231, 3, 'Call on Me', '00:05:01'),
(2442, 231, 4, 'All I Want All I Need', '00:05:40'),
(2443, 231, 5, 'Good to Be Bad', '00:05:13'),
(2444, 231, 6, 'All for Love', '00:05:13'),
(2445, 231, 7, 'Summer Rain', '00:06:10'),
(2446, 231, 8, 'Lay Down Your Love', '00:06:01'),
(2447, 231, 9, 'A Fool in Love', '00:05:50'),
(2448, 231, 10, 'Got What You Need', '00:04:15'),
(2449, 231, 11, '\'Til the End of Time', '00:05:32'),
(2450, 232, 1, 'Steal Your Heart Away', '00:05:18'),
(2451, 232, 2, 'All Out of Luck', '00:05:28'),
(2452, 232, 3, 'Love Will Set You Free', '00:03:52'),
(2453, 232, 4, 'Easier Said Than Done', '00:05:13'),
(2454, 232, 5, 'Tell Me How', '00:04:41'),
(2455, 232, 6, 'I Need You (Shine a Light)', '00:03:49'),
(2456, 232, 7, 'One of These Days', '00:04:53'),
(2457, 232, 8, 'Love and Treat Me Right', '00:04:14'),
(2458, 232, 9, 'Dogs in the Street', '00:03:48'),
(2459, 232, 10, 'Fare Thee Well', '00:05:18'),
(2460, 232, 11, 'Whipping Boy Blues', '00:05:02'),
(2461, 232, 12, 'My Evil Ways', '00:04:33'),
(2462, 232, 13, 'Forevermore', '00:07:22'),
(2463, 233, 1, 'Burn', '00:06:56'),
(2464, 233, 2, 'You Fool No One', '00:06:23'),
(2465, 233, 3, 'Love Child', '00:04:13'),
(2466, 233, 4, 'Sail Away', '00:04:53'),
(2467, 233, 5, 'The Gypsy', '00:05:29'),
(2468, 233, 6, 'Lady Double Dealer', '00:03:59'),
(2469, 233, 7, 'Mistreated', '00:07:39'),
(2470, 233, 8, 'Holy Man', '00:04:42'),
(2471, 233, 9, 'Might Just Take Your Life', '00:04:14'),
(2472, 233, 10, 'You Keep On Moving', '00:05:06'),
(2473, 233, 11, 'Soldier of Fortune', '00:03:18'),
(2474, 233, 12, 'Lay Down Stay Down', '00:03:52'),
(2475, 233, 13, 'Stormbringer', '00:05:17'),
(2476, 234, 1, 'Good to See You Again', '00:03:42'),
(2477, 234, 2, 'Gonna Be Alright', '00:03:51'),
(2478, 234, 3, 'Shut Up & Kiss Me', '00:03:37'),
(2479, 234, 4, 'Hey You (You Make Me Rock)', '00:05:29'),
(2480, 234, 5, 'Always & Forever', '00:03:53'),
(2481, 234, 6, 'When I Think of You (Color Me Blue)', '00:03:52'),
(2482, 234, 7, 'Trouble Is Your Middle Name', '00:04:17'),
(2483, 234, 8, 'Flesh & Blood', '00:05:18'),
(2484, 234, 9, 'Well I Never', '00:04:01'),
(2485, 234, 10, 'Heart of Stone', '00:06:42'),
(2486, 234, 11, 'Get Up', '00:04:45'),
(2487, 234, 12, 'After All', '00:03:47'),
(2488, 234, 13, 'Sands of Time', '00:06:08'),
(2489, 235, 1, 'Keep Yourself Alive', '00:03:42'),
(2490, 235, 2, 'Doing All Right', '00:04:11'),
(2491, 235, 3, 'Great King Rat', '00:05:42'),
(2492, 235, 4, 'My Fairy King', '00:04:06'),
(2493, 235, 5, 'Liar', '00:06:25'),
(2494, 235, 6, 'The Night Comes Down', '00:04:24'),
(2495, 235, 7, 'Modern Times Rock \'n\' Roll', '00:01:49'),
(2496, 235, 8, 'Son and Daughter', '00:03:22'),
(2497, 235, 9, 'Jesus', '00:03:45'),
(2498, 235, 10, 'Seven Seas of Rhye...', '00:01:15'),
(2499, 236, 1, 'Procession', '00:01:12'),
(2500, 236, 2, 'Father to Son', '00:06:14'),
(2501, 236, 3, 'White Queen (As It Began)', '00:04:34'),
(2502, 236, 4, 'Some Day One Day', '00:04:23'),
(2503, 236, 5, 'The Loser in the End', '00:04:02'),
(2504, 236, 6, 'Ogre Battle', '00:04:10'),
(2505, 236, 7, 'The Fairy Feller\'s Master-Stroke', '00:02:40'),
(2506, 236, 8, 'Nevermore', '00:01:17'),
(2507, 236, 9, 'The March of the Black Queen', '00:06:33'),
(2508, 236, 10, 'Funny How Love Is', '00:02:50'),
(2509, 236, 11, 'Seven Seas of Rhye', '00:02:50'),
(2510, 237, 1, 'Brighton Rock', '00:05:08'),
(2511, 237, 2, 'Killer Queen', '00:03:01'),
(2512, 237, 3, 'Tenement Funster', '00:02:48'),
(2513, 237, 4, 'Flick of the Wrist', '00:03:19'),
(2514, 237, 5, 'Lily of the Valley', '00:01:43'),
(2515, 237, 6, 'Now I\'m Here', '00:04:10'),
(2516, 237, 7, 'In the Lap of the Gods', '00:03:20'),
(2517, 237, 8, 'Stone Cold Crazy', '00:02:12'),
(2518, 237, 9, 'Dear Friends', '00:01:07'),
(2519, 237, 10, 'Misfire', '00:01:50'),
(2520, 237, 11, 'Bring Back That Leroy Brown', '00:02:13'),
(2521, 237, 12, 'She Makes Me (Stormtrooper in Stilettoes)', '00:04:08'),
(2522, 237, 13, 'In the Lap of the Gods...Revisited', '00:03:42'),
(2523, 238, 1, 'Death on Two Legs (Dedicated to...)', '00:03:43'),
(2524, 238, 2, 'Lazing on a Sunday Afternoon', '00:01:08'),
(2525, 238, 3, 'I\'m in Love with My Car', '00:03:05'),
(2526, 238, 4, 'You\'re My Best Friend', '00:02:50'),
(2527, 238, 5, '\'39', '00:03:30'),
(2528, 238, 6, 'Sweet Lady', '00:04:01'),
(2529, 238, 7, 'Seaside Rendezvous', '00:02:13'),
(2530, 238, 8, 'The Prophet\'s Song', '00:08:21'),
(2531, 238, 9, 'Love of My Life', '00:03:38'),
(2532, 238, 10, 'Good Company', '00:03:26'),
(2533, 238, 11, 'Bohemian Rhapsody', '00:05:55'),
(2534, 238, 12, 'God Save the Queen', '00:01:11'),
(2535, 239, 1, 'Tie Your Mother Down', '00:04:48'),
(2536, 239, 2, 'You Take My Breath Away', '00:05:09'),
(2537, 239, 3, 'Long Away', '00:03:34'),
(2538, 239, 4, 'The Millionaire Waltz', '00:04:54'),
(2539, 239, 5, 'You and I', '00:03:25'),
(2540, 239, 6, 'Somebody to Love', '00:04:56'),
(2541, 239, 7, 'White Man', '00:04:59'),
(2542, 239, 8, 'Good Old-Fashioned Lover Boy', '00:02:54'),
(2543, 239, 9, 'Drowse', '00:03:45'),
(2544, 239, 10, 'Teo Torriatte (Let Us Cling Together)', '00:05:50'),
(2545, 240, 1, 'We Will Rock You', '00:02:01'),
(2546, 240, 2, 'We Are the Champions', '00:02:59'),
(2547, 240, 3, 'Sheer Heart Attack', '00:03:26'),
(2548, 240, 4, 'All Dead, All Dead', '00:03:10'),
(2549, 240, 5, 'Spread Your Wings', '00:04:34'),
(2550, 240, 6, 'Fight from the Inside', '00:03:03'),
(2551, 240, 7, 'Get Down, Make Love', '00:03:51'),
(2552, 240, 8, 'Sleeping on the Sidewalk', '00:03:06'),
(2553, 240, 9, 'Who Needs You', '00:03:05'),
(2554, 240, 10, 'It\'s Late', '00:06:26'),
(2555, 240, 11, 'My Melancholy Blues', '00:03:29'),
(2556, 241, 1, 'Mustapha', '00:03:03'),
(2557, 241, 2, 'Fat Bottomed Girls', '00:04:14'),
(2558, 241, 3, 'Jealousy', '00:03:14'),
(2559, 241, 4, 'Bicycle Race', '00:03:04'),
(2560, 241, 5, 'If You Can\'t Beat Them', '00:04:15'),
(2561, 241, 6, 'Let Me Entertain You', '00:03:01'),
(2562, 241, 7, 'Dead on Time', '00:03:23'),
(2563, 241, 8, 'In Only Seven Days', '00:02:30'),
(2564, 241, 9, 'Dreamer\'s Ball', '00:03:30'),
(2565, 241, 10, 'Fun It', '00:03:29'),
(2566, 241, 11, 'Leaving Home Ain\'t Easy', '00:03:15'),
(2567, 241, 12, 'Don\'t Stop Me Now', '00:03:29'),
(2568, 241, 13, 'More of That Jazz', '00:04:12'),
(2569, 242, 1, 'Play the Game', '00:03:30'),
(2570, 242, 2, 'Dragon Attack', '00:04:18'),
(2571, 242, 3, 'Another One Bites the Dust', '00:03:35'),
(2572, 242, 4, 'Need Your Loving Tonight', '00:02:50'),
(2573, 242, 5, 'Crazy Little Thing Called Love', '00:02:42'),
(2574, 242, 6, 'Rock It (Prime Jive)', '00:04:33'),
(2575, 242, 7, 'Don\'t Try Suicide', '00:03:52'),
(2576, 242, 8, 'Sail Away Sweet Sister', '00:03:33'),
(2577, 242, 9, 'Coming Soon', '00:02:51'),
(2578, 242, 10, 'Save Me', '00:03:48'),
(2579, 243, 1, 'Flash\'s Theme', '00:03:31'),
(2580, 243, 2, 'In the Space Capsule (The Love Theme)', '00:02:43'),
(2581, 243, 3, 'Ming\'s Theme (In the Court of Ming the Merciless)', '00:02:41'),
(2582, 243, 4, 'The Ring (Hypnotic Seduction of Dale)', '00:00:57'),
(2583, 243, 5, 'Football Fight', '00:01:28'),
(2584, 243, 6, 'In the Death Cell (Love Theme Reprise)', '00:02:25'),
(2585, 243, 7, 'Execution of Flash', '00:01:06'),
(2586, 243, 8, 'The Kiss (Aura Resurrects Flash)', '00:01:45'),
(2587, 243, 9, 'Arboria (Planet of the Tree Men)', '00:01:42'),
(2588, 243, 10, 'Escape from the Swamp', '00:01:43'),
(2589, 243, 11, 'Flash to the Rescue', '00:02:44'),
(2590, 243, 12, 'Vultan\'s Theme (Attack of the Hawk Men)', '00:01:13'),
(2591, 243, 13, 'Battle Theme', '00:02:18'),
(2592, 243, 14, 'The Wedding March', '00:00:56'),
(2593, 243, 15, 'Marriage of Dale and Ming (And Flash Approaching)', '00:02:04'),
(2594, 243, 16, 'Crash Dive on Mingo City', '00:01:00'),
(2595, 243, 17, 'Flash\'s Theme Reprise (Victory Celebrations)', '00:01:24'),
(2596, 243, 18, 'The Hero', '00:03:31'),
(2597, 244, 1, 'Staying Power', '00:04:11'),
(2598, 244, 2, 'Dancer', '00:03:49'),
(2599, 244, 3, 'Back Chat', '00:04:35'),
(2600, 244, 4, 'Body Language', '00:04:32'),
(2601, 244, 5, 'Action This Day', '00:03:32'),
(2602, 244, 6, 'Put Out the Fire', '00:03:19'),
(2603, 244, 7, 'Life Is Real (Song for Lennon)', '00:03:32'),
(2604, 244, 8, 'Calling All Girls', '00:03:51'),
(2605, 244, 9, 'Las Palabras de Amor (The Words of Love)', '00:04:31'),
(2606, 244, 10, 'Cool Cat', '00:03:29'),
(2607, 244, 11, 'Under Pressure', '00:04:06'),
(2608, 245, 1, 'Radio Ga Ga', '00:05:48'),
(2609, 245, 2, 'Tear It Up', '00:03:28'),
(2610, 245, 3, 'It\'s a Hard Life', '00:04:08'),
(2611, 245, 4, 'Man on the Prowl', '00:03:28'),
(2612, 245, 5, 'Machines (or \'Back to Humans\')', '00:05:10'),
(2613, 245, 6, 'I Want to Break Free', '00:03:20'),
(2614, 245, 7, 'Keep Passing the Open Windows', '00:05:21'),
(2615, 245, 8, 'Hammer to Fall', '00:04:28'),
(2616, 245, 9, 'Is This the World We Created...?', '00:02:13'),
(2617, 246, 1, 'One Vision', '00:05:11'),
(2618, 246, 2, 'A Kind of Magic', '00:04:24'),
(2619, 246, 3, 'One Year of Love', '00:04:27'),
(2620, 246, 4, 'Pain Is So Close to Pleasure', '00:04:21'),
(2621, 246, 5, 'Friends Will Be Friends', '00:04:06'),
(2622, 246, 6, 'Who Wants to Live Forever', '00:05:15'),
(2623, 246, 7, 'Gimme the Prize (Kurgan\'s Theme)', '00:04:33'),
(2624, 246, 8, 'Don\'t Lose Your Head', '00:04:38'),
(2625, 246, 9, 'Princes of the Universe', '00:03:33'),
(2626, 247, 1, 'Party', '00:02:24'),
(2627, 247, 2, 'Khashoggi\'s Ship', '00:02:47'),
(2628, 247, 3, 'The Miracle', '00:05:02'),
(2629, 247, 4, 'I Want It All', '00:04:41'),
(2630, 247, 5, 'The Invisible Man', '00:03:55'),
(2631, 247, 6, 'Breakthru', '00:04:08'),
(2632, 247, 7, 'Rain Must Fall', '00:04:20'),
(2633, 247, 8, 'Scandal', '00:04:42'),
(2634, 247, 9, 'My Baby Does Me', '00:03:22'),
(2635, 247, 10, 'Was It All Worth It', '00:05:45'),
(2636, 248, 1, 'Innuendo', '00:06:31'),
(2637, 248, 2, 'I\'m Going Slightly Mad', '00:04:22'),
(2638, 248, 3, 'Headlong', '00:04:38'),
(2639, 248, 4, 'I Can\'t Live with You', '00:04:33'),
(2640, 248, 5, 'Don\'t Try So Hard', '00:03:39'),
(2641, 248, 6, 'Ride the Wild Wind', '00:04:42'),
(2642, 248, 7, 'All God\'s People', '00:04:21'),
(2643, 248, 8, 'These Are the Days of Our Lives', '00:04:15'),
(2644, 248, 9, 'Delilah', '00:03:35'),
(2645, 248, 10, 'The Hitman', '00:04:56'),
(2646, 248, 11, 'Bijou', '00:03:36'),
(2647, 248, 12, 'The Show Must Go On', '00:04:35'),
(2648, 249, 1, 'It\'s a Beautiful Day', '00:02:32'),
(2649, 249, 2, 'Made in Heaven', '00:05:25'),
(2650, 249, 3, 'Let Me Live', '00:04:45'),
(2651, 249, 4, 'Mother Love', '00:04:49'),
(2652, 249, 5, 'My Life Has Been Saved', '00:03:15'),
(2653, 249, 6, 'I Was Born to Love You', '00:04:49'),
(2654, 249, 7, 'Heaven for Everyone', '00:05:36'),
(2655, 249, 8, 'Too Much Love Will Kill You', '00:04:20'),
(2656, 249, 9, 'You Don\'t Fool Me', '00:05:24'),
(2657, 249, 10, 'A Winter\'s Tale', '00:03:49'),
(2658, 249, 11, 'It\'s a Beautiful Day', '00:03:01'),
(2659, 249, 12, 'Yeah', '00:00:04'),
(2660, 249, 13, '13', '00:22:32'),
(2661, 250, 1, 'The Friendly Ranger at Clontarf Castle', '00:03:01'),
(2662, 250, 2, 'Honesty Is No Excuse', '00:03:40'),
(2663, 250, 3, 'Diddy Levine', '00:07:04'),
(2664, 250, 4, 'Ray-Gun', '00:03:05'),
(2665, 250, 5, 'Look What the Wind Blew In', '00:03:23'),
(2666, 250, 6, 'Eire', '00:02:07'),
(2667, 250, 7, 'Return of the Farmer\'s Son', '00:04:14'),
(2668, 250, 8, 'Clifton Grange Hotel', '00:02:26'),
(2669, 250, 9, 'Saga of the Ageing Orphan', '00:03:40'),
(2670, 250, 10, 'Remembering', '00:05:59'),
(2671, 251, 1, 'The Rise and Dear Demise of the Funky Nomadic Tribes', '00:07:06'),
(2672, 251, 2, 'Buffalo Gal', '00:05:30'),
(2673, 251, 3, 'I Don\'t Want to Forget How to Jive', '00:01:46'),
(2674, 251, 4, 'Sarah', '00:02:59'),
(2675, 251, 5, 'Brought Down', '00:04:19'),
(2676, 251, 6, 'Baby Face', '00:03:27'),
(2677, 251, 7, 'Chatting Today', '00:04:19'),
(2678, 251, 8, 'Call the Police', '00:03:37'),
(2679, 251, 9, 'Shades of a Blue Orphanage', '00:07:06'),
(2680, 252, 1, 'Mama Nature Said', '00:04:52'),
(2681, 252, 2, 'The Hero and the Madman', '00:06:08'),
(2682, 252, 3, 'Slow Blues', '00:05:14'),
(2683, 252, 4, 'The Rocker', '00:05:12'),
(2684, 252, 5, 'Vagabond of the Western World', '00:04:44'),
(2685, 252, 6, 'Little Girl in Bloom', '00:05:12'),
(2686, 252, 7, 'Gonna Creep Up on You', '00:03:27'),
(2687, 252, 8, 'A Song for While I\'m Away', '00:05:10'),
(2688, 253, 1, 'She Knows', '00:05:13'),
(2689, 253, 2, 'Night Life', '00:03:57'),
(2690, 253, 3, 'It\'s Only Money', '00:02:47'),
(2691, 253, 4, 'Still in Love with You', '00:05:40'),
(2692, 253, 5, 'Frankie Carroll', '00:02:02'),
(2693, 253, 6, 'Showdown', '00:04:32'),
(2694, 253, 7, 'Banshee', '00:01:27'),
(2695, 253, 8, 'Philomena', '00:03:41'),
(2696, 253, 9, 'Sha La La', '00:03:27'),
(2697, 253, 10, 'Dear Heart', '00:04:35'),
(2698, 254, 1, 'Rosalie', '00:03:11'),
(2699, 254, 2, 'For Those Who Love to Live', '00:03:08'),
(2700, 254, 3, 'Suicide', '00:05:12'),
(2701, 254, 4, 'Wild One', '00:04:18'),
(2702, 254, 5, 'Fighting My Way Back', '00:03:12'),
(2703, 254, 6, 'King\'s Vengeance', '00:04:08'),
(2704, 254, 7, 'Spirit Slips Away', '00:04:35'),
(2705, 254, 8, 'Silver Dollar', '00:03:26'),
(2706, 254, 9, 'Freedom Song', '00:03:32'),
(2707, 254, 10, 'Ballad of a Hard Man', '00:03:14'),
(2708, 255, 1, 'Jailbreak', '00:04:01'),
(2709, 255, 2, 'Angel from the Coast', '00:03:03'),
(2710, 255, 3, 'Running Back', '00:03:13'),
(2711, 255, 4, 'Romeo and the Lonely Girl', '00:03:55'),
(2712, 255, 5, 'Warriors', '00:04:09'),
(2713, 255, 6, 'The Boys Are Back in Town', '00:04:27'),
(2714, 255, 7, 'Fight or Fall', '00:03:45'),
(2715, 255, 8, 'Cowboy Song', '00:05:16'),
(2716, 255, 9, 'Emerald', '00:04:03'),
(2717, 256, 1, 'Johnny', '00:04:18'),
(2718, 256, 2, 'Rocky', '00:03:43'),
(2719, 256, 3, 'Borderline', '00:04:37'),
(2720, 256, 4, 'Don\'t Believe a Word', '00:02:18'),
(2721, 256, 5, 'Fools Gold', '00:03:53'),
(2722, 256, 6, 'Johnny the Fox Meets Jimmy the Weed', '00:03:36'),
(2723, 256, 7, 'Old Flame', '00:03:05'),
(2724, 256, 8, 'Massacre', '00:03:01'),
(2725, 256, 9, 'Sweet Marie', '00:03:58'),
(2726, 256, 10, 'Boogie Woogie Dance', '00:03:06'),
(2727, 257, 1, 'Soldier of Fortune', '00:05:18'),
(2728, 257, 2, 'Bad Reputation', '00:03:09'),
(2729, 257, 3, 'Opium Trail', '00:03:58'),
(2730, 257, 4, 'Southbound', '00:04:27'),
(2731, 257, 5, 'Dancing in the Moonlight (It\'s Caught Me in Its Spotlight)', '00:03:26'),
(2732, 257, 6, 'Killer Without a Cause', '00:03:33'),
(2733, 257, 7, 'Downtown Sundown', '00:04:08'),
(2734, 257, 8, 'That Woman\'s Gonna Break Your Heart', '00:03:25'),
(2735, 257, 9, 'Dear Lord', '00:04:26'),
(2736, 258, 1, 'Do Anything You Want To', '00:03:53'),
(2737, 258, 2, 'Toughest Street in Town', '00:04:01'),
(2738, 258, 3, 'S & M', '00:04:05'),
(2739, 258, 4, 'Waiting for an Alibi', '00:03:30'),
(2740, 258, 5, 'Sarah', '00:03:33'),
(2741, 258, 6, 'Got to Give It Up', '00:04:24'),
(2742, 258, 7, 'Get Out of Here', '00:03:37'),
(2743, 258, 8, 'With Love', '00:04:38'),
(2744, 258, 9, 'Róisín Dubh (Black Rose): A Rock Legend', '00:07:06'),
(2745, 259, 1, 'We Will Be Strong', '00:05:11'),
(2746, 259, 2, 'Chinatown', '00:04:43'),
(2747, 259, 3, 'Sweetheart', '00:03:29'),
(2748, 259, 4, 'Sugar Blues', '00:04:22'),
(2749, 259, 5, 'Killer on the Loose', '00:03:55'),
(2750, 259, 6, 'Having a Good Time', '00:04:38'),
(2751, 259, 7, 'Genocide (The Killing of the Buffalo)', '00:05:06'),
(2752, 259, 8, 'Didn\'t I', '00:04:28'),
(2753, 259, 9, 'Hey You', '00:05:09'),
(2754, 260, 1, 'Angel of Death', '00:06:18'),
(2755, 260, 2, 'Renegade', '00:06:08'),
(2756, 260, 3, 'The Pressure Will Blow', '00:03:46'),
(2757, 260, 4, 'Leave This Town', '00:03:49'),
(2758, 260, 5, 'Hollywood (Down on Your Luck)', '00:04:09'),
(2759, 260, 6, 'No One Told Him', '00:03:36'),
(2760, 260, 7, 'Fats', '00:04:02'),
(2761, 260, 8, 'Mexican Blood', '00:03:40'),
(2762, 260, 9, 'It\'s Getting Dangerous', '00:05:30'),
(2763, 261, 1, 'Thunder and Lightning', '00:04:56'),
(2764, 261, 2, 'This Is the One', '00:04:04'),
(2765, 261, 3, 'The Sun Goes Down', '00:06:20'),
(2766, 261, 4, 'The Holy War', '00:05:12'),
(2767, 261, 5, 'Cold Sweat', '00:03:06'),
(2768, 261, 6, 'Someday She Is Going to Hit Back', '00:04:05'),
(2769, 261, 7, 'Baby Please Don’t Go', '00:05:10'),
(2770, 261, 8, 'Bad Habits', '00:04:04'),
(2771, 261, 9, 'Heart Attack', '00:03:39'),
(2772, 262, 1, 'Flower', '00:03:25'),
(2773, 262, 2, 'All Your Lies', '00:03:51'),
(2774, 262, 3, '665', '00:01:37'),
(2775, 262, 4, 'Beyond the Wheel', '00:04:20'),
(2776, 262, 5, '667', '00:00:56'),
(2777, 262, 6, 'Mood for Trouble', '00:04:21'),
(2778, 262, 7, 'Circle of Power', '00:02:05'),
(2779, 262, 8, 'He Didn\'t', '00:02:47'),
(2780, 262, 9, 'Smokestack Lightning', '00:05:07'),
(2781, 262, 10, 'Nazi Driver', '00:03:52'),
(2782, 262, 11, 'Head Injury', '00:02:22'),
(2783, 262, 12, 'Incessant Mace', '00:06:27'),
(2784, 262, 13, 'One Minute of Silence', '00:01:02'),
(2785, 263, 1, 'Ugly Truth', '00:05:26'),
(2786, 263, 2, 'Hands All Over', '00:06:00'),
(2787, 263, 3, 'Gun', '00:04:42'),
(2788, 263, 4, 'Power Trip', '00:04:11'),
(2789, 263, 5, 'Get on the Snake', '00:03:44'),
(2790, 263, 6, 'Full on Kevin\'s Mom', '00:03:37'),
(2791, 263, 7, 'Loud Love', '00:04:57'),
(2792, 263, 8, 'I Awake', '00:04:21'),
(2793, 263, 9, 'No Wrong No Right', '00:04:48'),
(2794, 263, 10, 'Uncovered', '00:04:32'),
(2795, 263, 11, 'Big Dumb Sex', '00:04:11'),
(2796, 263, 12, 'Full On', '00:02:42'),
(2797, 264, 1, 'Rusty Cage', '00:04:26'),
(2798, 264, 2, 'Outshined', '00:05:10'),
(2799, 264, 3, 'Slaves & Bulldozers', '00:06:55'),
(2800, 264, 4, 'Jesus Christ Pose', '00:05:50'),
(2801, 264, 5, 'Face Pollution', '00:02:23'),
(2802, 264, 6, 'Somewhere', '00:04:20'),
(2803, 264, 7, 'Searching with My Good Eye Closed', '00:06:31'),
(2804, 264, 8, 'Room a Thousand Years Wide', '00:04:05'),
(2805, 264, 9, 'Mind Riot', '00:04:49'),
(2806, 264, 10, 'Drawing Flies', '00:02:26'),
(2807, 264, 11, 'Holy Water', '00:05:07'),
(2808, 264, 12, 'New Damage', '00:05:40'),
(2809, 265, 1, 'Let Me Drown', '00:03:51'),
(2810, 265, 2, 'My Wave', '00:05:12'),
(2811, 265, 3, 'Fell on Black Days', '00:04:42'),
(2812, 265, 4, 'Mailman', '00:04:25'),
(2813, 265, 5, 'Superunknown', '00:05:06'),
(2814, 265, 6, 'Head Down', '00:06:08'),
(2815, 265, 7, 'Black Hole Sun', '00:05:18'),
(2816, 265, 8, 'Spoonman', '00:04:06'),
(2817, 265, 9, 'Limo Wreck', '00:05:47'),
(2818, 265, 10, 'The Day I Tried to Live', '00:05:19'),
(2819, 265, 11, 'Kickstand', '00:01:34'),
(2820, 265, 12, 'Fresh Tendrils', '00:04:16'),
(2821, 265, 13, '4th of July', '00:05:08'),
(2822, 265, 14, 'Half', '00:02:14'),
(2823, 265, 15, 'Like Suicide', '00:07:01'),
(2824, 266, 1, 'Pretty Noose', '00:04:12'),
(2825, 266, 2, 'Rhinosaur', '00:03:14'),
(2826, 266, 3, 'Zero Chance', '00:04:18'),
(2827, 266, 4, 'Dusty', '00:04:34'),
(2828, 266, 5, 'Ty Cobb', '00:03:05'),
(2829, 266, 6, 'Blow Up the Outside World', '00:05:46'),
(2830, 266, 7, 'Burden in My Hand', '00:04:50'),
(2831, 266, 8, 'Never Named', '00:02:28'),
(2832, 266, 9, 'Applebite', '00:05:10'),
(2833, 266, 10, 'Never the Machine Forever', '00:03:36'),
(2834, 266, 11, 'Tighter & Tighter', '00:06:06'),
(2835, 266, 12, 'No Attention', '00:04:27'),
(2836, 266, 13, 'Switch Opens', '00:03:53'),
(2837, 266, 14, 'Overfloater', '00:05:09'),
(2838, 266, 15, 'An Unkind', '00:02:08'),
(2839, 266, 16, 'Boot Camp', '00:02:59'),
(2840, 267, 1, 'Been Away Too Long', '00:03:36'),
(2841, 267, 2, 'Non-State Actor', '00:03:57'),
(2842, 267, 3, 'By Crooked Steps', '00:04:00'),
(2843, 267, 4, 'A Thousand Days Before', '00:04:23'),
(2844, 267, 5, 'Blood on the Valley Floor', '00:03:48'),
(2845, 267, 6, 'Bones of Birds', '00:04:22'),
(2846, 267, 7, 'Taree', '00:03:38'),
(2847, 267, 8, 'Attrition', '00:02:52'),
(2848, 267, 9, 'Black Saturday', '00:03:29'),
(2849, 267, 10, 'Halfway There', '00:03:16'),
(2850, 267, 11, 'Worse Dreams', '00:04:53'),
(2851, 267, 12, 'Eyelid\'s Mouth', '00:04:39'),
(2852, 267, 13, 'Rowing', '00:05:08');

--
-- Indeksy dla zrzutów tabel
--

--
-- Indeksy dla tabeli `album`
--
ALTER TABLE `album`
  ADD PRIMARY KEY (`id`);

--
-- Indeksy dla tabeli `artist`
--
ALTER TABLE `artist`
  ADD PRIMARY KEY (`id`);

--
-- Indeksy dla tabeli `song`
--
ALTER TABLE `song`
  ADD PRIMARY KEY (`id`);

--
-- AUTO_INCREMENT dla zrzuconych tabel
--

--
-- AUTO_INCREMENT dla tabeli `album`
--
ALTER TABLE `album`
  MODIFY `id` int(11) NOT NULL AUTO_INCREMENT, AUTO_INCREMENT=268;

--
-- AUTO_INCREMENT dla tabeli `artist`
--
ALTER TABLE `artist`
  MODIFY `id` int(11) NOT NULL AUTO_INCREMENT, AUTO_INCREMENT=24;

--
-- AUTO_INCREMENT dla tabeli `song`
--
ALTER TABLE `song`
  MODIFY `id` int(5) NOT NULL AUTO_INCREMENT, AUTO_INCREMENT=2853;
COMMIT;

/*!40101 SET CHARACTER_SET_CLIENT=@OLD_CHARACTER_SET_CLIENT */;
/*!40101 SET CHARACTER_SET_RESULTS=@OLD_CHARACTER_SET_RESULTS */;
/*!40101 SET COLLATION_CONNECTION=@OLD_COLLATION_CONNECTION */;
